t,cls,x,y,w,h,s_pinhole_m,s_depth_m,abs_diff_m,s_stereo_m,ego_v_mps,mu,sigma_depth
0.34,person,581,289,15,39,20.92307692307693,22.62461280822754,1.7015358851506086,nan,3.3115232467651365,0.2,nan
0.8600000000000004,stop sign,536,250,20,19,18.947368421052637,36.48630142211914,17.538933001066503,36.37894821166992,0.7817484707638047,0.2,0.4
0.8800000000000004,person,583,259,14,39,20.92307692307693,22.512287139892578,1.5892102168156477,nan,0.8190623340247439,0.2,0.42070062935352326
2.4200000000000017,stop sign,555,252,20,20,18.000000000000007,31.702163696289062,13.702163696289055,31.658016204833984,5.6802160123477075,0.2,0.3094904405474663
2.600000000000002,stop sign,558,250,22,20,18.000000000000007,30.625732421875,12.625732421874993,30.720001220703125,6.114626695810111,0.2,0.32331659374833105
2.620000000000002,stop sign,558,249,22,20,18.000000000000007,30.502708435058594,12.502708435058587,30.271533966064453,6.137091224967487,0.2,0.3282891083234548
2.640000000000002,stop sign,558,249,22,20,18.000000000000007,30.3792667388916,12.379266738891594,30.49411964416504,6.119193375209666,0.2,0.32880403378921746
2.820000000000002,stop sign,560,243,23,22,16.36363636363637,29.28817367553711,12.924537311900739,29.20563507080078,5.843553166609929,0.2,0.3291644816152513
2.840000000000002,stop sign,562,242,23,22,16.36363636363637,29.168071746826172,12.804435383189801,29.001399993896484,5.813536230070339,0.2,0.32254345567887843
2.860000000000002,stop sign,562,242,23,23,15.652173913043484,29.05187225341797,13.399698340374485,29.20563507080078,5.783475311198155,0.2,0.3159893487523603
2.880000000000002,stop sign,562,242,23,23,15.652173913043484,28.936416625976562,13.284242712933079,29.001399993896484,5.7535451229794905,0.2,0.3120322221757397
2.900000000000002,stop sign,561,242,23,23,15.652173913043484,28.823169708251953,13.17099579520847,28.80000114440918,5.723873007859615,0.2,0.30800073702822106
2.920000000000002,stop sign,561,242,26,23,15.652173913043484,28.707416534423828,13.055242621380344,29.001399993896484,5.694006025189739,0.2,0.305178697424958
2.940000000000002,stop sign,562,242,25,22,16.36363636363637,28.592945098876953,12.229308735240583,28.80000114440918,5.664017881493172,0.2,0.39154539988684745
2.960000000000002,stop sign,562,242,24,22,16.36363636363637,28.48202133178711,12.118384968150739,28.601381301879883,5.634156202277403,0.2,0.36365996142599644
2.980000000000002,stop sign,563,242,25,21,17.14285714285715,28.367698669433594,11.224841526576444,28.601381301879883,5.6043732988793336,0.2,0.3429041031823711
3.000000000000002,stop sign,563,242,26,21,17.14285714285715,28.2568359375,11.11397879464285,28.021623611450195,5.574495195263171,0.2,0.41311249401949934
3.0200000000000022,stop sign,563,242,24,21,17.14285714285715,28.147968292236328,11.005111149379179,28.21224594116211,5.544199044127243,0.2,0.373963748283666
3.1200000000000023,stop sign,564,242,27,23,15.652173913043484,27.603538513183594,11.95136460014011,27.648000717163086,5.3957430812658895,0.2,0.3465596262685827
3.1400000000000023,stop sign,565,242,26,24,15.000000000000005,27.496458053588867,12.496458053588862,27.833559036254883,5.366478368844318,0.2,0.32512436477846507
3.2000000000000024,person,608,273,11,28,29.14285714285715,19.62158203125,9.52127511160715,29.41276741027832,5.280041536308017,0.2,0.3101196817353827
3.2200000000000024,stop sign,567,242,26,24,15.000000000000005,27.073444366455078,12.073444366455073,27.105884552001953,5.248108007831956,0.2,0.46011968173538265
3.2400000000000024,stop sign,567,242,26,24,15.000000000000005,26.96967315673828,11.969673156738276,27.464902877807617,5.218628905435198,0.2,0.47764750125575295
3.2400000000000024,person,610,275,11,26,31.384615384615394,19.379199981689453,12.00541540292594,29.41276741027832,5.218628905435198,0.2,0.47764750125575295
3.2600000000000025,stop sign,567,242,26,24,15.000000000000005,26.86655616760254,11.866556167602534,26.75613021850586,5.186692356391584,0.2,0.627647501255753
3.2600000000000025,person,611,275,10,26,31.384615384615394,19.27611541748047,12.108499967134925,29.62285804748535,5.186692356391584,0.2,0.627647501255753
3.2800000000000025,stop sign,568,241,26,24,15.000000000000005,26.762725830078125,11.76272583007812,26.92987060546875,5.153894531121718,0.2,0.777647501255753
3.3000000000000025,stop sign,568,242,26,24,15.000000000000005,26.66086196899414,11.660861968994135,26.75613021850586,5.124754248706158,0.2,0.627647501255753
3.3000000000000025,person,612,276,11,26,31.384615384615394,19.067020416259766,12.317594968355628,28.80000114440918,5.124754248706158,0.2,0.627647501255753
3.3200000000000025,stop sign,568,241,27,24,15.000000000000005,26.558849334716797,11.558849334716792,26.58461570739746,5.092009705939922,0.2,0.777647501255753
3.3200000000000025,person,613,277,10,24,34.00000000000001,18.956811904907227,15.04318809509278,nan,5.092009705939922,0.2,0.777647501255753
3.3400000000000025,stop sign,568,241,28,25,14.400000000000004,26.457788467407227,12.057788467407223,26.75613021850586,5.047436689774138,0.2,0.627647501255753
3.3600000000000025,stop sign,569,241,28,25,14.400000000000004,26.356639862060547,11.956639862060543,26.24810218811035,5.018555964240426,0.2,0.5166294986188189
3.3800000000000026,stop sign,569,241,27,25,14.400000000000004,26.257965087890625,11.857965087890621,26.083019256591797,4.991249857397882,0.2,0.4350662325745665
3.4000000000000026,stop sign,569,241,28,25,14.400000000000004,26.158632278442383,11.758632278442379,26.24810218811035,4.964291979630469,0.2,0.3779719463435898
3.4000000000000026,person,616,274,11,29,28.137931034482765,18.575908660888672,9.562022373594093,nan,4.964291979630469,0.2,0.3779719463435898
3.4200000000000026,stop sign,570,241,27,25,14.400000000000004,26.059986114501953,11.65998611450195,26.083019256591797,4.923544290250416,0.2,0.2965924443318112
3.4400000000000026,stop sign,570,241,27,25,14.400000000000004,25.962623596191406,11.562623596191402,26.083019256591797,4.8963347219351805,0.2,0.28104029457366114
3.4600000000000026,stop sign,570,241,28,24,15.000000000000005,25.865198135375977,10.865198135375971,26.083019256591797,4.870703552065109,0.2,0.27015378974295606
3.4800000000000026,stop sign,571,241,27,24,15.000000000000005,25.768341064453125,10.76834106445312,26.083019256591797,4.844797833467057,0.2,0.3332220458159036
3.5000000000000027,stop sign,573,241,27,25,14.400000000000004,25.670291900634766,11.270291900634762,25.75900650024414,4.819258966185774,0.2,0.37736982506696687
3.5200000000000027,stop sign,573,241,27,25,14.400000000000004,25.575191497802734,11.17519149780273,25.75900650024414,4.793528460492196,0.2,0.3357664464069308
3.5400000000000027,stop sign,573,241,26,25,14.400000000000004,25.481225967407227,11.081225967407223,25.600000381469727,4.768180093781685,0.2,0.37561412679225514
3.5600000000000027,stop sign,574,241,26,25,14.400000000000004,25.385976791381836,10.985976791381832,25.287805557250977,4.7428258573824,0.2,0.33278476813385105
3.5800000000000027,stop sign,574,241,26,25,14.400000000000004,25.292457580566406,10.892457580566402,25.44294548034668,4.717704600671,0.2,0.30195247265959235
3.6000000000000028,stop sign,575,240,27,25,14.400000000000004,25.197715759277344,10.79771575927734,24.98313331604004,4.692367266320684,0.2,0.28036986582761125
3.6200000000000028,stop sign,574,240,27,25,14.400000000000004,25.106311798095703,10.7063117980957,25.287805557250977,4.667146280780054,0.2,0.26360436434844714
3.640000000000003,stop sign,575,240,27,25,14.400000000000004,25.0130615234375,10.613061523437496,25.287805557250977,4.641745079709094,0.2,0.3200351745755445
3.660000000000003,stop sign,576,240,26,25,14.400000000000004,24.920822143554688,10.520822143554684,24.685714721679688,4.616753413664919,0.2,0.29219128346539336
3.680000000000003,stop sign,576,240,26,25,14.400000000000004,24.829687118530273,10.42968711853027,25.134546279907227,4.591478757775025,0.2,0.33370629508562644
3.700000000000003,stop sign,577,240,26,25,14.400000000000004,24.737777709960938,10.337777709960934,24.53964614868164,4.566658765496532,0.2,0.3017610678224507
3.720000000000003,stop sign,578,240,26,25,14.400000000000004,24.646343231201172,10.246343231201168,24.833534240722656,4.54197671043071,0.2,0.2762011248274764
3.740000000000003,stop sign,578,240,26,25,14.400000000000004,24.5565185546875,10.156518554687496,24.833534240722656,4.517455499825121,0.2,0.32405633041092596
3.760000000000003,stop sign,579,240,26,25,14.400000000000004,24.466039657592773,10.06603965759277,24.25263214111328,4.493134225687717,0.2,0.2925865969675798
3.780000000000003,stop sign,579,240,25,25,14.400000000000004,24.37710952758789,9.977109527587887,24.685714721679688,4.46892441658921,0.2,0.32951644809371367
3.800000000000003,stop sign,580,240,25,25,14.400000000000004,24.28752326965332,9.887523269653316,24.111629486083984,4.4448968109782445,0.2,0.2956298910173604
3.820000000000003,stop sign,580,239,25,26,13.84615384615385,24.19960594177246,10.35345209561861,24.111629486083984,4.420936064144856,0.2,0.2689315930818499
3.840000000000003,stop sign,580,239,26,26,13.84615384615385,24.11204719543457,10.26589334928072,24.25263214111328,4.397163464644866,0.2,0.2502427845269925
3.860000000000003,stop sign,581,239,26,26,13.84615384615385,24.02389144897461,10.17773760282076,23.834484100341797,4.3736322778574905,0.2,0.23788511001560494
3.880000000000003,stop sign,581,239,26,26,13.84615384615385,23.937286376953125,10.091132530799275,24.111629486083984,4.350213603001894,0.2,0.2270977414691983
3.900000000000003,stop sign,581,239,27,26,13.84615384615385,23.8505916595459,10.004437813392048,23.834484100341797,4.327102158710193,0.2,0.22095908839813638
3.920000000000003,stop sign,581,239,27,27,13.333333333333337,23.764909744262695,10.431576410929358,23.698286056518555,4.3040384577260635,0.2,0.2152495263369703
3.940000000000003,stop sign,581,239,27,27,13.333333333333337,23.679763793945312,10.346430460611975,23.698286056518555,4.2809901239868635,0.2,0.21056397456390427
3.960000000000003,stop sign,582,238,26,27,13.333333333333337,23.594650268554688,10.26131693522135,23.698286056518555,4.258432163817543,0.2,0.20728408832275805
3.980000000000003,stop sign,583,238,27,28,12.857142857142861,23.5087890625,10.651646205357139,23.563636779785156,4.235839012924745,0.2,0.2049881679539557
4.000000000000003,stop sign,584,238,27,28,12.857142857142861,23.423999786376953,10.566856929234092,23.430509567260742,4.213296605155513,0.2,0.2027040386107835
4.020000000000002,stop sign,584,238,27,28,12.857142857142861,23.340822219848633,10.483679362705772,23.430509567260742,4.191085731151798,0.2,0.20044004070114008
4.040000000000002,stop sign,585,238,27,28,12.857142857142861,23.256988525390625,10.399845668247764,23.298877716064453,4.168775025811879,0.2,0.1995203495338126
4.060000000000001,stop sign,585,238,26,28,12.857142857142861,23.175241470336914,10.318098613194053,23.298877716064453,4.14678469889175,0.2,0.19755737932723708
4.080000000000001,stop sign,585,238,26,27,13.333333333333337,23.093494415283203,9.760161081949866,22.912708282470703,4.124914182855027,0.2,0.19618330018263422
4.1000000000000005,stop sign,586,238,26,27,13.333333333333337,23.011089324951172,9.677755991617834,22.912708282470703,4.1029283084892505,0.2,0.24870654773293888
4.12,stop sign,586,238,28,27,13.333333333333337,22.929134368896484,9.595801035563147,22.912708282470703,4.080798280655463,0.2,0.2307118001789378
4.14,stop sign,586,238,28,28,12.857142857142861,22.848608016967773,9.991465159824912,22.786813735961914,4.059099290425753,0.2,0.21749363355312434
4.159999999999999,stop sign,586,238,29,27,13.333333333333337,22.768112182617188,9.43477884928385,22.786813735961914,4.037239972765919,0.2,0.20762840766441407
4.179999999999999,stop sign,587,238,28,28,12.857142857142861,22.68791389465332,9.830771037510459,22.417299270629883,4.015704099681367,0.2,0.20133525879295774
4.199999999999998,stop sign,587,238,28,28,12.857142857142861,22.608699798583984,9.751556941441123,22.662296295166016,3.9939500715491034,0.2,0.19454110042034065
4.219999999999998,stop sign,587,238,28,27,13.333333333333337,22.53002166748047,9.196688334147131,22.53913116455078,3.9727286560999,0.2,0.19156163447146546
4.2399999999999975,stop sign,587,238,28,28,12.857142857142861,22.451581954956055,9.594439097813193,22.417299270629883,3.951425815984634,0.2,0.14909314413002583
4.259999999999997,stop sign,588,237,29,28,12.857142857142861,22.37221908569336,9.515076228550498,22.417299270629883,3.9303209884468053,0.2,0.15855358798694627
4.279999999999997,stop sign,588,237,29,28,12.857142857142861,22.2946720123291,9.43752915518624,22.177541732788086,3.909195759485494,0.2,0.1645939308561326
4.299999999999996,stop sign,588,237,29,28,12.857142857142861,22.217544555664062,9.360401698521201,22.0595760345459,3.8882931282849853,0.2,0.16768453426263816
4.319999999999996,stop sign,588,237,29,28,12.857142857142861,22.14080238342285,9.28365952627999,22.296775817871094,3.8676198853253343,0.2,0.16984795664719204
4.339999999999995,stop sign,589,237,28,28,12.857142857142861,22.06397247314453,9.20682961600167,22.0595760345459,3.8469878742876116,0.2,0.17249998891830468
4.359999999999995,stop sign,590,237,28,27,13.333333333333337,21.987112045288086,8.653778711954748,21.94285774230957,3.826603805285348,0.2,0.1726639555010797
4.379999999999995,stop sign,590,237,29,28,12.857142857142861,21.911026000976562,9.053883143833701,21.94285774230957,3.806029715565974,0.2,0.17277873210902225
4.399999999999994,stop sign,590,237,29,28,12.857142857142861,21.835865020751953,8.978722163609092,21.827369689941406,3.78570709125809,0.2,0.1723118872141505
4.419999999999994,stop sign,590,237,29,28,12.857142857142861,21.761150360107422,8.90400750296456,21.94285774230957,3.7654197936526366,0.2,0.1714472413546806
4.439999999999993,stop sign,590,237,30,28,12.857142857142861,21.685840606689453,8.828697749546592,21.827369689941406,3.745339826090088,0.2,0.17192703220654287
4.459999999999993,stop sign,590,237,31,28,12.857142857142861,21.611900329589844,8.754757472446983,21.600000381469727,3.725296884016802,0.2,0.17171569728241495
4.479999999999992,stop sign,591,237,30,28,12.857142857142861,21.537425994873047,8.680283137730186,21.600000381469727,3.7055124234803287,0.2,0.1699788043337096
4.499999999999992,stop sign,592,237,30,28,12.857142857142861,21.463306427001953,8.606163569859092,21.48808479309082,3.68557066709608,0.2,0.1692855629926841
4.519999999999992,stop sign,593,237,31,29,12.41379310344828,21.389606475830078,8.975813372381799,21.377321243286133,3.665950322764234,0.2,0.16776530559104127
4.539999999999991,stop sign,592,237,30,29,12.41379310344828,21.31825828552246,8.904465182074182,21.26769256591797,3.646569155776227,0.2,0.1661963560250303
4.559999999999991,stop sign,593,237,30,29,12.41379310344828,21.24542236328125,8.83162925983297,21.26769256591797,3.627038174162884,0.2,0.16459926303692962
4.57999999999999,stop sign,593,237,30,30,12.000000000000004,21.173717498779297,9.173717498779293,21.1591854095459,3.6080082192768916,0.2,0.16348129794525915
4.59999999999999,stop sign,595,237,29,30,12.000000000000004,21.10159683227539,9.101596832275387,21.377321243286133,3.5889430466496233,0.2,0.209499671060537
4.6199999999999894,stop sign,595,237,29,30,12.000000000000004,21.0307559967041,9.030755996704098,20.94545555114746,3.5698700685655913,0.2,0.1954104118536773
4.639999999999989,stop sign,595,237,29,30,12.000000000000004,20.960302352905273,8.96030235290527,20.94545555114746,3.5506930756474846,0.2,0.22994890104667384
4.659999999999989,stop sign,596,236,29,30,12.000000000000004,20.889432907104492,8.889432907104489,21.051776885986328,3.5318872773262013,0.2,0.20777875586008257
4.679999999999988,stop sign,595,235,30,31,11.612903225806456,20.81975555419922,9.206852328392763,20.84020233154297,3.5133658784273067,0.2,0.19273473156053483
4.699999999999988,stop sign,596,235,31,31,11.612903225806456,20.74945068359375,9.136547457787294,21.051776885986328,3.4942210576965804,0.2,0.22714612814576488
4.719999999999987,stop sign,596,235,31,30,12.000000000000004,20.68048858642578,8.680488586425778,20.632837295532227,3.475368122641056,0.2,0.20629189216051244
4.739999999999987,stop sign,597,235,30,31,11.612903225806456,20.61104965209961,8.998146426293154,20.736000061035156,3.4563178458749784,0.2,0.23481897972094634
4.7599999999999865,stop sign,598,235,30,31,11.612903225806456,20.54208755493164,8.929184329125185,20.736000061035156,3.437645236499045,0.2,0.21072036895600293
4.779999999999986,stop sign,598,235,30,31,11.612903225806456,20.474376678466797,8.861473452660341,20.32941246032715,3.419025427316447,0.2,0.2388198585451954
4.799999999999986,stop sign,597,235,31,31,11.612903225806456,20.407976150512695,8.79507292470624,20.53069496154785,3.400376705707778,0.2,0.21171654589960173
4.819999999999985,stop sign,597,235,31,31,11.612903225806456,20.3410701751709,8.728166949364443,20.42955780029297,3.382161838838437,0.2,0.19318536996436553
4.839999999999985,stop sign,598,235,31,30,12.000000000000004,20.2736873626709,8.273687362670895,20.32941246032715,3.3639336353627876,0.2,0.223879842516926
4.859999999999984,stop sign,598,235,31,31,11.612903225806456,20.207555770874023,8.594652545067568,20.23024559020996,3.3457118757391067,0.2,0.20125853467981314
4.879999999999984,stop sign,598,234,32,31,11.612903225806456,20.14157485961914,8.528671633812685,20.13204002380371,3.327705700665297,0.2,0.18498841289977438
4.8999999999999835,stop sign,598,234,32,31,11.612903225806456,20.076217651367188,8.463314425560732,20.13204002380371,3.3097703125871787,0.2,0.17317176118503158
4.919999999999983,stop sign,598,234,33,31,11.612903225806456,20.010799407958984,8.397896182152529,20.0347843170166,3.291948256702896,0.2,0.2073193299622049
4.939999999999983,stop sign,599,234,33,31,11.612903225806456,19.94532585144043,8.332422625633974,20.0347843170166,3.274092729103229,0.2,0.18838092391644884
4.959999999999982,stop sign,599,234,33,31,11.612903225806456,19.881071090698242,8.268167864891787,19.93846321105957,3.2563833654108016,0.2,0.2171402940498638
4.979999999999982,stop sign,599,234,33,31,11.612903225806456,19.817174911499023,8.204271685692568,19.843063354492188,3.238669707079471,0.2,0.19483990555433367
4.999999999999981,stop sign,600,234,33,31,11.612903225806456,19.75277328491211,8.139870059105654,19.748573303222656,3.2211330285820767,0.2,0.17841521660287732
5.019999999999981,stop sign,600,234,33,31,11.612903225806456,19.68956184387207,8.076658618065615,19.654977798461914,3.203724397718138,0.2,0.20775668553371915
5.0399999999999805,stop sign,601,234,33,32,11.250000000000004,19.625783920288086,8.375783920288082,19.654977798461914,3.1861782075262757,0.2,0.18686269682945592
5.05999999999998,stop sign,602,234,33,32,11.250000000000004,19.562454223632812,8.312454223632809,19.562265396118164,3.1690687725076323,0.2,0.17204050892205286
5.07999999999998,stop sign,602,234,33,32,11.250000000000004,19.500286102294922,8.250286102294918,19.379440307617188,3.1518337018913893,0.2,0.16166497738687072
5.099999999999979,stop sign,603,234,32,32,11.250000000000004,19.438030242919922,8.188030242919918,19.470422744750977,3.134805801085636,0.2,0.15325683335532259
5.119999999999979,stop sign,603,234,33,32,11.250000000000004,19.376129150390625,8.126129150390621,19.470422744750977,3.1181204060036483,0.2,0.14774695024936058
5.139999999999978,stop sign,602,233,33,32,11.250000000000004,19.315959930419922,8.065959930419918,19.33437156677246,3.1012843849024043,0.2,0.14389003207518716
5.159999999999978,stop sign,603,234,33,33,10.909090909090912,19.254030227661133,8.344939318570221,19.289302825927734,3.0847156467707615,0.2,0.16123586618069652
5.1799999999999775,stop sign,604,234,33,33,10.909090909090912,19.192726135253906,8.283635226162994,19.111520767211914,3.0681425595925615,0.2,0.15295645551100065
5.199999999999977,stop sign,604,234,33,33,10.909090909090912,19.132556915283203,8.223466006192291,19.111520767211914,3.051856328016437,0.2,0.146062253111107
5.219999999999977,stop sign,604,233,33,33,10.909090909090912,19.072891235351562,8.16380032626065,19.111520767211914,3.035530693492296,0.2,0.14159770780349967
5.239999999999976,stop sign,604,233,33,33,10.909090909090912,19.013378143310547,8.104287234219635,19.023853302001953,3.019150317987409,0.2,0.2150327670721376
5.259999999999976,stop sign,605,232,34,33,10.909090909090912,18.953266143798828,8.044175234707916,18.936986923217773,3.002967993757706,0.2,0.18951567120390284
5.279999999999975,stop sign,605,232,34,33,10.909090909090912,18.894405364990234,7.9853144558993225,18.850910186767578,2.9866945739632773,0.2,0.17094618206149342
5.299999999999975,stop sign,605,233,34,32,11.250000000000004,18.835784912109375,7.5857849121093714,18.850910186767578,2.9706985493600193,0.2,0.195198608313483
5.3199999999999745,stop sign,605,233,35,32,11.250000000000004,18.77689552307129,7.5268955230712855,18.76561164855957,2.9547114995681123,0.2,0.17492423803819956
5.339999999999974,stop sign,605,233,35,31,11.612903225806456,18.71919822692871,7.106295001122255,18.850910186767578,2.938733094484443,0.2,0.197303718783951
5.359999999999974,stop sign,606,233,34,31,11.612903225806456,18.66170883178711,7.048805605980654,18.76561164855957,2.922937182513902,0.2,0.21364888401920332
5.379999999999973,stop sign,607,233,34,32,11.250000000000004,18.603683471679688,7.353683471679684,18.59731101989746,2.907150089517447,0.2,0.22441097097065363
5.399999999999973,stop sign,607,233,35,32,11.250000000000004,18.546106338500977,7.296106338500973,18.59731101989746,2.891466866342206,0.2,0.1943472330523175
5.419999999999972,stop sign,607,233,35,32,11.250000000000004,18.489601135253906,7.239601135253903,18.59731101989746,2.875816452753427,0.2,0.20956960055498772
5.439999999999972,stop sign,608,233,34,31,11.612903225806456,18.433513641357422,6.820610415550966,18.4320011138916,2.8602251454519525,0.2,0.22022525780685687
5.4599999999999715,stop sign,609,233,35,31,11.612903225806456,18.376232147216797,6.763328921410341,18.4320011138916,2.8447301331324173,0.2,0.19075636882882874
5.479999999999971,stop sign,609,233,35,32,11.250000000000004,18.32050323486328,7.070503234863278,18.39122200012207,2.8296561143688965,0.2,0.17012814654420905
5.499999999999971,stop sign,609,232,35,33,10.909090909090912,18.265338897705078,7.356247988614166,18.269603729248047,2.814619794053204,0.2,0.17318307689287032
5.51999999999997,stop sign,610,232,35,33,10.909090909090912,18.209667205810547,7.300576296719635,18.269603729248047,2.7997299213824065,0.2,0.2272185219528321
5.53999999999997,stop sign,609,232,36,33,10.909090909090912,18.15566635131836,7.2465754422274475,18.18947410583496,2.7847447996427457,0.2,0.1950086052955618
5.559999999999969,stop sign,609,232,37,34,10.58823529411765,18.100799560546875,7.512564266429225,18.110044479370117,2.770196265656458,0.2,0.17214607715795452
5.579999999999969,stop sign,609,231,37,34,10.58823529411765,18.046977996826172,7.458742702708522,18.110044479370117,2.7555106881898035,0.2,0.15552385935319474
5.599999999999969,stop sign,610,232,37,34,10.58823529411765,17.992259979248047,7.404024685130397,17.9532470703125,2.7409510221217124,0.2,0.17860705060157286
5.619999999999968,stop sign,611,232,36,33,10.909090909090912,17.938587188720703,7.029496279629791,17.9532470703125,2.7268095137853807,0.2,0.15974367913281098
5.639999999999968,stop sign,611,232,36,34,10.58823529411765,17.885269165039062,7.297033870921412,17.799142837524414,2.7121956405841927,0.2,0.14653931910467766
5.659999999999967,stop sign,611,232,36,34,10.58823529411765,17.832340240478516,7.244104946360865,17.72307777404785,2.697558914290093,0.2,0.13670072504153685
5.679999999999967,stop sign,612,232,37,34,10.58823529411765,17.778724670410156,7.190489376292506,17.799142837524414,2.682878579772228,0.2,0.1292342872300703
5.699999999999966,stop sign,612,231,37,35,10.285714285714288,17.726303100585938,7.440588814871649,17.647661209106445,2.668399941322133,0.2,0.12429621881398271
5.719999999999966,stop sign,612,231,38,35,10.285714285714288,17.673851013183594,7.3881367274693055,17.647661209106445,2.6538770900371023,0.2,0.12026778431044914
5.739999999999966,stop sign,613,231,37,35,10.285714285714288,17.62163734436035,7.335923058646063,17.5728816986084,2.6395476645402107,0.2,0.11744788015797564
5.759999999999965,stop sign,613,231,38,35,10.285714285714288,17.56972312927246,7.284008843558173,17.498735427856445,2.6252842917996095,0.2,0.11519229295293867
5.779999999999965,stop sign,614,231,37,35,10.285714285714288,17.51804542541504,7.232331139700751,17.498735427856445,2.6111768743057153,0.2,0.11333682157306141
5.799999999999964,stop sign,614,230,38,36,10.000000000000004,17.466903686523438,7.466903686523434,17.35230255126953,2.5970197977847604,0.2,0.11203799160714732
5.819999999999964,stop sign,614,230,38,36,10.000000000000004,17.416061401367188,7.416061401367184,17.42521095275879,2.5830115287165123,0.2,0.11085479168769767
5.839999999999963,stop sign,615,230,38,36,10.000000000000004,17.36486053466797,7.364860534667965,17.42521095275879,2.5692153089852336,0.2,0.11002655174408292
5.859999999999963,stop sign,615,230,38,37,9.729729729729733,17.314376831054688,7.584647101324954,17.280000686645508,2.5553654537016848,0.2,0.10944678378355259
5.879999999999963,stop sign,616,230,37,37,9.729729729729733,17.263980865478516,7.534251135748782,17.280000686645508,2.5415506689521985,0.2,0.10850394114430972
5.899999999999962,stop sign,616,230,37,37,9.729729729729733,17.214149475097656,7.484419745367923,17.20829963684082,2.5280378524205425,0.2,0.10784395129683971
5.919999999999962,stop sign,617,229,38,37,9.729729729729733,17.164052963256836,7.434323233527103,17.137191772460938,2.514456414218219,0.2,0.10711812067868662
5.939999999999961,stop sign,617,229,38,37,9.729729729729733,17.114730834960938,7.385001105231204,17.066667556762695,2.5009084220458995,0.2,0.10635044388164726
5.959999999999961,stop sign,617,229,38,38,9.473684210526319,17.065526962280273,7.591842751753955,17.066667556762695,2.4875153957061786,0.2,0.10555602062277747
5.9799999999999605,stop sign,617,229,38,38,9.473684210526319,17.016769409179688,7.543085198653369,17.066667556762695,2.4741897034631606,0.2,0.10525697384251084
5.99999999999996,stop sign,618,228,39,38,9.473684210526319,16.96774673461914,7.494062524092822,16.92734718322754,2.4610465796581393,0.2,0.10479059159538198
6.01999999999996,stop sign,618,228,39,38,9.473684210526319,16.919525146484375,7.445840935958056,16.858537673950195,2.447812953826781,0.2,0.10420961814966534
6.039999999999959,stop sign,618,229,39,38,9.473684210526319,16.871246337890625,7.397562127364306,16.858537673950195,2.434749015806883,0.2,0.10355182609451527
6.059999999999959,stop sign,618,229,39,37,9.729729729729733,16.823711395263672,7.0939816655339385,16.858537673950195,2.421592596293832,0.2,0.13295670285865566
6.079999999999958,stop sign,619,229,39,37,9.729729729729733,16.775758743286133,7.046029013556399,16.790285110473633,2.4080215766574664,0.2,0.15354011659355393
6.099999999999958,stop sign,619,229,38,37,9.729729729729733,16.72890853881836,6.999178809088626,16.72258186340332,2.3951542973400732,0.2,0.1378354573564927
6.1199999999999575,stop sign,620,229,39,37,9.729729729729733,16.681196212768555,6.951466483038821,16.65542221069336,2.382425707988068,0.2,0.1559881251078884
6.139999999999957,stop sign,620,229,39,37,9.729729729729733,16.634584426879883,6.904854697150149,16.5227108001709,2.3695916935960364,0.2,0.1682190658366112
6.159999999999957,stop sign,620,229,38,37,9.729729729729733,16.588510513305664,6.858780783575931,16.58880043029785,2.3569270078739093,0.2,0.1471486916840871
6.179999999999956,stop sign,621,229,39,37,9.729729729729733,16.54157257080078,6.811842841071048,16.58880043029785,2.3441997161902934,0.2,0.16156232620185215
6.199999999999956,stop sign,621,229,40,37,9.729729729729733,16.495201110839844,6.76547138111011,16.457143783569336,2.331631056693589,0.2,0.1716518703642877
6.219999999999955,stop sign,621,228,40,37,9.729729729729733,16.449871063232422,6.7201413335026885,16.5227108001709,2.319251651496871,0.2,0.14931920567953333
6.239999999999955,stop sign,622,228,41,37,9.729729729729733,16.403974533081055,6.674244803351321,16.327560424804688,2.306869751828868,0.2,0.13391878957413259
6.2599999999999545,stop sign,622,228,41,38,9.473684210526319,16.358646392822266,6.884962182295947,16.327560424804688,2.2945391648267885,0.2,0.12244709187153811
6.279999999999954,stop sign,622,228,40,38,9.473684210526319,16.313703536987305,6.840019326460986,16.3920955657959,2.282515459087057,0.2,0.11419209189596459
6.299999999999954,stop sign,623,228,40,38,9.473684210526319,16.26849365234375,6.794809441817431,16.263530731201172,2.27034951980609,0.2,0.10863840349682052
6.319999999999953,stop sign,623,228,40,38,9.473684210526319,16.224029541015625,6.750345330489306,16.200000762939453,2.2585714716176493,0.2,0.10430374207812067
6.339999999999953,stop sign,623,228,40,37,9.729729729729733,16.179950714111328,6.450220984381595,16.200000762939453,2.246618469191215,0.2,0.10104975475770495
6.359999999999952,stop sign,624,228,40,38,9.473684210526319,16.135276794433594,6.661592583907275,16.200000762939453,2.234840561325298,0.2,0.09877196363341394
6.379999999999952,stop sign,624,228,41,38,9.473684210526319,16.091527938842773,6.617843728316455,16.074419021606445,2.223122378709097,0.2,0.09717750984641023
6.3999999999999515,stop sign,625,227,41,38,9.473684210526319,16.047805786132812,6.574121575606494,16.074419021606445,2.2112710965487077,0.2,0.12302069968728696
6.419999999999951,stop sign,625,227,40,38,9.473684210526319,16.004444122314453,6.5307599117881345,16.01235580444336,2.199485593701304,0.2,0.11393359948917163
6.439999999999951,stop sign,626,227,40,39,9.230769230769234,15.960724830627441,6.729955599858208,15.950770378112793,2.187789956983872,0.2,0.10714548532969508
6.45999999999995,stop sign,626,227,40,39,9.230769230769234,15.917839050292969,6.687069819523735,15.950770378112793,2.176259627817746,0.2,0.10239380541806148
6.47999999999995,stop sign,627,227,40,39,9.230769230769234,15.87474536895752,6.643976138188286,15.768821716308594,2.164665615460076,0.2,0.09906762947991797
6.499999999999949,stop sign,627,227,40,39,9.230769230769234,15.832306861877441,6.601537631108208,15.950770378112793,2.153129140119501,0.2,0.14844839351622974
6.519999999999949,stop sign,627,227,41,39,9.230769230769234,15.790046691894531,6.559277461125298,15.768821716308594,2.141715792837248,0.2,0.13130584114863575
6.5399999999999485,stop sign,628,227,41,39,9.230769230769234,15.747608184814453,6.51683895404522,15.649811744689941,2.13022708667567,0.2,0.11848103382042915
6.559999999999948,stop sign,628,227,41,40,9.000000000000004,15.705497741699219,6.705497741699215,15.829008102416992,2.119045611857843,0.2,0.10930303275084803
6.579999999999948,stop sign,628,227,41,39,9.230769230769234,15.664251327514648,6.433482096745415,15.649811744689941,2.1079199836538676,0.2,0.12984876560814596
6.599999999999947,stop sign,629,226,41,38,9.473684210526319,15.622943878173828,6.1492596676475095,15.649811744689941,2.096634109137806,0.2,0.16881258496992976
6.619999999999947,stop sign,629,226,41,39,9.230769230769234,15.58163833618164,6.350869105412407,15.590978622436523,2.0855487295316095,0.2,0.14453511855549844
6.639999999999946,stop sign,629,226,41,39,9.230769230769234,15.540719985961914,6.309950755192681,15.532585144042969,2.074408180116458,0.2,0.12714683309279942
6.659999999999946,stop sign,629,226,42,39,9.230769230769234,15.499771118164062,6.269001887394829,15.649811744689941,2.0635223684120363,0.2,0.14036786364076678
6.6799999999999455,stop sign,629,226,42,40,9.000000000000004,15.458971977233887,6.458971977233883,15.474627494812012,2.0526330116516283,0.2,0.12462381362508437
6.699999999999945,stop sign,629,226,41,39,9.230769230769234,15.419185638427734,6.188416407658501,15.41710090637207,2.041891422235962,0.2,0.11301507192565492
6.719999999999945,stop sign,630,226,42,41,8.780487804878051,15.37820816040039,6.597720355522339,15.41710090637207,2.031198574732482,0.2,0.1046972262004956
6.739999999999944,stop sign,630,226,42,41,8.780487804878051,15.338332176208496,6.557844371330445,15.303321838378906,2.0205655014718467,0.2,0.09887473419288408
6.759999999999944,stop sign,630,226,42,41,8.780487804878051,15.298694610595703,6.518206805717652,15.303321838378906,2.0100796090505533,0.2,0.09423653279230722
6.779999999999943,stop sign,631,226,43,41,8.780487804878051,15.25864028930664,6.478152484428589,15.24705982208252,1.9994233491720532,0.2,0.09098979181190342
6.799999999999943,stop sign,632,226,43,41,8.780487804878051,15.219062805175781,6.43857500029773,15.19120979309082,1.9891509454752623,0.2,0.08853382907607166
6.8199999999999426,stop sign,632,226,43,41,8.780487804878051,15.180051803588867,6.399563998710816,15.135766983032227,1.9786906639419146,0.2,0.08663353229173626
6.839999999999942,stop sign,632,226,43,41,8.780487804878051,15.141220092773438,6.360732287895386,15.19120979309082,1.9684911331883141,0.2,0.08512389817065025
6.859999999999942,stop sign,632,225,43,41,8.780487804878051,15.102893829345703,6.322406024467652,15.080727577209473,1.958117876486574,0.2,0.08424658065794127
6.879999999999941,stop sign,632,225,44,41,8.780487804878051,15.064299583435059,6.283811778557007,15.026087760925293,1.9480070866797363,0.2,0.08345303202699375
6.899999999999941,stop sign,633,224,43,42,8.571428571428575,15.026063919067383,6.454635347638808,15.080727577209473,1.9377908335530774,0.2,0.10649866050006475
6.91999999999994,stop sign,634,224,43,42,8.571428571428575,14.98770809173584,6.416279520307265,14.971841812133789,1.9277566931605707,0.2,0.09902948791648018
6.93999999999994,stop sign,634,224,43,42,8.571428571428575,14.949918746948242,6.3784901755196675,14.917985916137695,1.91763826321634,0.2,0.09327466570740489
6.95999999999994,stop sign,634,223,43,43,8.372093023255816,14.912487030029297,6.5403940067734805,15.026087760925293,1.907793265714867,0.2,0.08924629016105218
6.979999999999939,stop sign,634,223,43,43,8.372093023255816,14.87508487701416,6.502991853758344,14.864517211914062,1.8977618187827456,0.2,0.11055394119390566
6.999999999999939,stop sign,634,223,44,43,8.372093023255816,14.837682723999023,6.465589700743207,14.811429023742676,1.8878371918556724,0.2,0.12512359146732194
7.019999999999938,stop sign,635,223,44,43,8.372093023255816,14.800370216369629,6.4282771931138125,14.758719444274902,1.8780750570669702,0.2,0.11119907733917904
7.039999999999938,stop sign,635,223,44,43,8.372093023255816,14.763565063476562,6.391472040220746,14.70638370513916,1.8682360425620919,0.2,0.10128351942682734
7.059999999999937,stop sign,635,223,44,44,8.181818181818185,14.726818084716797,6.544999902898612,14.70638370513916,1.858403651597498,0.2,0.1169626228728804
7.079999999999937,stop sign,636,223,45,44,8.181818181818185,14.689743995666504,6.507925813848319,14.654417991638184,1.8486290726587578,0.2,0.10515172669323673
7.099999999999937,stop sign,636,223,45,43,8.372093023255816,14.65368366241455,6.281590639158734,14.60281753540039,1.8390142996753365,0.2,0.09671951902233236
7.119999999999936,stop sign,637,223,44,43,8.372093023255816,14.617622375488281,6.245529352232465,14.60281753540039,1.8294170783743149,0.2,0.11312350234017642
7.139999999999936,stop sign,637,223,44,43,8.372093023255816,14.58180046081543,6.209707437559613,14.500699996948242,1.819878750991661,0.2,0.10213730281033227
7.159999999999935,stop sign,637,222,44,44,8.181818181818185,14.546276092529297,6.364457910711112,14.450175285339355,1.8103793568837427,0.2,0.09412628493514336
7.179999999999935,stop sign,637,222,45,44,8.181818181818185,14.510513305664062,6.328695123845877,14.500699996948242,1.8010435974338308,0.2,0.08836078030133916
7.1999999999999345,stop sign,637,222,45,44,8.181818181818185,14.475227355957031,6.293409174138846,14.450175285339355,1.7915510638487468,0.2,0.08432492705767623
7.219999999999934,stop sign,638,222,45,44,8.181818181818185,14.43982219696045,6.258004015142264,14.40000057220459,1.7824418197860668,0.2,0.081344156611062
7.239999999999934,stop sign,639,222,44,44,8.181818181818185,14.40489387512207,6.223075693303885,14.350173950195312,1.7731413862749323,0.2,0.07910279348856988
7.259999999999933,stop sign,640,222,43,44,8.181818181818185,14.370024681091309,6.188206499273123,14.350173950195312,1.7639927015470818,0.2,0.07738113667325922
7.279999999999933,stop sign,641,222,43,44,8.181818181818185,14.335156440734863,6.153338258916678,14.251546859741211,1.7550621611095636,0.2,0.07617597690254176
7.299999999999932,stop sign,641,222,43,44,8.181818181818185,14.300764083862305,6.1189459020441195,14.300690650939941,1.7460604429612352,0.2,0.07518135893067526
7.319999999999932,stop sign,641,222,44,45,8.000000000000002,14.266134262084961,6.266134262084959,14.251546859741211,1.7371081022005737,0.2,0.07463613248273299
7.3399999999999315,stop sign,641,221,45,45,8.000000000000002,14.232040405273438,6.232040405273436,14.154267311096191,1.72830036482462,0.2,0.07395330883545871
7.359999999999931,stop sign,641,221,45,45,8.000000000000002,14.198124885559082,6.19812488555908,14.202740669250488,1.7195095493071908,0.2,0.07332729669648644
7.379999999999931,stop sign,642,221,45,46,7.826086956521742,14.164091110229492,6.33800415370775,14.154267311096191,1.71064825353276,0.2,0.07303712378508613
7.39999999999993,stop sign,642,221,45,45,8.000000000000002,14.130533218383789,6.130533218383787,14.010811805725098,1.7019305753355147,0.2,0.0725396258373731
7.41999999999993,stop sign,642,221,45,45,8.000000000000002,14.097095489501953,6.097095489501951,14.154267311096191,1.693342248690163,0.2,0.07190208985584691
7.439999999999929,stop sign,643,221,45,45,8.000000000000002,14.063597679138184,6.063597679138182,13.963637351989746,1.6846982652537816,0.2,0.07189144341075818
7.459999999999929,stop sign,644,221,45,45,8.000000000000002,14.030278205871582,6.03027820587158,13.916779518127441,1.676055386364112,0.2,0.07130626319395582
7.4799999999999285,stop sign,644,220,45,46,7.826086956521742,13.99755573272705,6.171468776205309,14.058305740356445,1.667551069220397,0.2,0.07075581212821559
7.499999999999928,stop sign,645,220,44,46,7.826086956521742,13.964832305908203,6.138745349386461,13.870234489440918,1.6589853545792683,0.2,0.07079721571989923
7.519999999999928,stop sign,644,220,46,46,7.826086956521742,13.932229042053223,6.106142085531481,13.870234489440918,1.6504043961350991,0.2,0.07012206695866235
7.539999999999927,stop sign,644,219,46,46,7.826086956521742,13.900101661682129,6.074014705160387,13.870234489440918,1.641204950047344,0.2,0.06978774411155933
7.559999999999927,stop sign,644,219,46,46,7.826086956521742,13.8678560256958,6.041769069174059,13.732451438903809,1.6328768353618281,0.2,0.06955371811858721
7.579999999999926,stop sign,645,219,47,47,7.659574468085109,13.835311889648438,6.175737421563329,13.824000358581543,1.624664170031553,0.2,0.06897929842681026
7.599999999999926,stop sign,645,218,47,47,7.659574468085109,13.80360221862793,6.144027750542821,13.77807331085205,1.6162620173177542,0.2,0.06884952485350007
7.6199999999999255,stop sign,646,218,47,47,7.659574468085109,13.771594047546387,6.112019579461278,13.732451438903809,1.608119030224127,0.2,0.06862209856362207
7.639999999999925,stop sign,646,218,47,47,7.659574468085109,13.740034103393555,6.080459635308446,13.732451438903809,1.5999766958967623,0.2,0.06819397294417763
7.659999999999925,stop sign,647,218,46,47,7.659574468085109,13.708502769470215,6.048928301385106,13.642106056213379,1.5917181558113989,0.2,0.08791959940122586
7.679999999999924,stop sign,646,218,47,47,7.659574468085109,13.677359580993652,6.017785112908544,13.642106056213379,1.5835922909137063,0.2,0.08156903397151744
7.699999999999924,stop sign,646,218,47,47,7.659574468085109,13.646305084228516,5.986730616143407,13.642106056213379,1.5754956626171133,0.2,0.07699256755686046
7.719999999999923,stop sign,647,218,47,47,7.659574468085109,13.615191459655762,5.955616991570653,13.59737777709961,1.5674254657341637,0.2,0.07378904106660057
7.739999999999923,stop sign,646,218,48,47,7.659574468085109,13.584554672241211,5.924980204156102,13.59737777709961,1.5594884994939084,0.2,0.07148146189958213
7.7599999999999225,stop sign,647,217,48,47,7.659574468085109,13.553977966308594,5.894403498223485,13.508795738220215,1.5513505882942467,0.2,0.06993126710650574
7.779999999999922,stop sign,647,217,48,48,7.500000000000003,13.523460388183594,6.023460388183591,13.552942276000977,1.5434519624375622,0.2,0.06858738475320812
7.799999999999922,stop sign,647,217,48,48,7.500000000000003,13.493240356445312,5.99324035644531,13.464935302734375,1.5354740944264929,0.2,0.06764666710589978
7.819999999999921,stop sign,647,217,48,47,7.659574468085109,13.46325969696045,5.803685228875341,13.464935302734375,1.5275086143590713,0.2,0.06686091181642073
7.839999999999921,stop sign,648,217,48,47,7.659574468085109,13.433218955993652,5.773644487908544,13.464935302734375,1.5196802445827398,0.2,0.06618405486051619
7.85999999999992,stop sign,649,217,49,47,7.659574468085109,13.403178215026855,5.743603746941747,13.29230785369873,1.511876322334481,0.2,0.0658370832446522
7.87999999999992,stop sign,649,217,49,47,7.659574468085109,13.373614311218262,5.714039843133153,13.33504867553711,1.5039525086925392,0.2,0.0650962197174941
7.8999999999999195,stop sign,649,217,49,48,7.500000000000003,13.344109535217285,5.8441095352172825,13.37806510925293,1.4960574941570466,0.2,0.06470020337633492
7.919999999999919,stop sign,650,217,49,48,7.500000000000003,13.314695358276367,5.8146953582763645,13.207643508911133,1.4883042067901227,0.2,0.0645468496443087
7.939999999999919,stop sign,650,217,49,48,7.500000000000003,13.285577774047852,5.785577774047849,13.29230785369873,1.4804299147103595,0.2,0.06395127740630288
7.959999999999918,stop sign,651,216,50,48,7.500000000000003,13.256461143493652,5.75646114349365,13.29230785369873,1.472706332670446,0.2,0.06365441910416032
7.979999999999918,stop sign,651,216,49,48,7.500000000000003,13.227821350097656,5.727821350097654,13.165715217590332,1.4649982299766264,0.2,0.0635683548191498
7.999999999999917,stop sign,652,216,49,48,7.500000000000003,13.199031829833984,5.699031829833982,13.207643508911133,1.4572887299870563,0.2,0.06302921704625261
8.019999999999918,stop sign,652,216,49,48,7.500000000000003,13.170540809631348,5.670540809631345,13.124051094055176,1.449492161978192,0.2,0.06288893458766362
8.039999999999917,stop sign,652,215,49,49,7.346938775510206,13.142288208007812,5.7953494324976065,13.082650184631348,1.4418153773846072,0.2,0.06243655004864767
8.059999999999917,stop sign,652,215,49,49,7.346938775510206,13.114095687866211,5.767156912356005,13.165715217590332,1.4341481365002977,0.2,0.062119880871336505
8.079999999999917,stop sign,653,215,49,49,7.346938775510206,13.085902214050293,5.738963438540087,13.041509628295898,1.4263976217570433,0.2,0.06213278168385485
8.099999999999916,stop sign,653,215,49,49,7.346938775510206,13.057948112487793,5.711009336977587,13.041509628295898,1.4188731980463274,0.2,0.061791443112111905
8.119999999999916,stop sign,653,215,49,49,7.346938775510206,13.030231475830078,5.683292700319872,13.041509628295898,1.4111377698521559,0.2,0.06143755445662317
8.139999999999915,stop sign,653,215,50,49,7.346938775510206,13.002455711364746,5.65551693585454,12.960000991821289,1.4036505140128328,0.2,0.06118983239778106
8.159999999999915,stop sign,654,214,50,50,7.200000000000002,12.974859237670898,5.7748592376708965,12.960000991821289,1.3959394910244058,0.2,0.06079034244113919
8.179999999999914,stop sign,654,214,50,50,7.200000000000002,12.94756031036377,5.747560310363768,12.87950325012207,1.3884787570542663,0.2,0.06051069947148988
8.199999999999914,stop sign,654,214,51,50,7.200000000000002,12.920380592346191,5.7203805923461895,12.87950325012207,1.3809114203073234,0.2,0.060203815414964564
8.219999999999914,stop sign,655,214,51,50,7.200000000000002,12.893230438232422,5.69323043823242,12.87950325012207,1.3733584542623303,0.2,0.059988996575396844
8.239999999999913,stop sign,655,214,50,49,7.346938775510206,12.866497993469238,5.519559217959032,12.839629173278809,1.3659358566583228,0.2,0.059727489409928634
8.259999999999913,stop sign,656,214,49,50,7.200000000000002,12.839615821838379,5.639615821838377,12.839629173278809,1.3584446223047433,0.2,0.059544434394100884
8.279999999999912,stop sign,657,214,49,50,7.200000000000002,12.812912940979004,5.612912940979002,12.760616302490234,1.3510867025946465,0.2,0.0593072830855466
8.299999999999912,stop sign,657,214,50,50,7.200000000000002,12.786389350891113,5.586389350891111,12.760616302490234,1.343619901337774,0.2,0.05903226325449665
8.319999999999911,stop sign,657,213,50,50,7.200000000000002,12.760251998901367,5.560251998901365,12.800000190734863,1.3362884751113577,0.2,0.05883974937276168
8.339999999999911,stop sign,658,213,49,50,7.200000000000002,12.734115600585938,5.5341156005859355,12.68256950378418,1.3289826089340022,0.2,0.058704989655547206
8.35999999999991,stop sign,658,214,50,50,7.200000000000002,12.707889556884766,5.507889556884764,12.68256950378418,1.3216568066489005,0.2,0.0753850924497972
8.37999999999991,stop sign,658,214,49,50,7.200000000000002,12.682140350341797,5.482140350341795,12.68256950378418,1.314242219362318,0.2,0.07007294545752715
8.39999999999991,stop sign,659,213,50,51,7.058823529411767,12.656421661376953,5.597598131965186,12.60547161102295,1.30707882848015,0.2,0.06635444256293811
8.41999999999991,stop sign,658,213,50,51,7.058823529411767,12.630999565124512,5.572176035712745,12.60547161102295,1.2996956145208676,0.2,0.06343802523950365
8.439999999999909,stop sign,658,213,50,51,7.058823529411767,12.605548858642578,5.546725329230811,12.60547161102295,1.292564554512485,0.2,0.0615000317358746
8.459999999999908,stop sign,659,213,51,51,7.058823529411767,12.580216407775879,5.521392878364112,12.529305458068848,1.285321327034041,0.2,0.07692720273183204
8.479999999999908,stop sign,659,213,51,51,7.058823529411767,12.555123329162598,5.4962997997508305,12.529305458068848,1.277977876159524,0.2,0.07073630698355528
8.499999999999908,stop sign,660,213,51,51,7.058823529411767,12.530059814453125,5.471236285041358,12.529305458068848,1.270886085997144,0.2,0.0663008778341884
8.519999999999907,stop sign,660,213,52,51,7.058823529411767,12.505204200744629,5.446380671332862,12.454054832458496,1.263814063583932,0.2,0.06329787955520473
8.539999999999907,stop sign,660,213,52,51,7.058823529411767,12.480498313903809,5.421674784492041,12.454054832458496,1.2565209126901822,0.2,0.06089334381209359
8.559999999999906,stop sign,661,213,52,51,7.058823529411767,12.455881118774414,5.397057589362647,12.454054832458496,1.249474282101874,0.2,0.05921016879191579
8.579999999999906,stop sign,660,212,53,51,7.058823529411767,12.431681632995605,5.372858103583838,12.379701614379883,1.2423281853234283,0.2,0.05803194627779133
8.599999999999905,stop sign,662,213,51,51,7.058823529411767,12.407184600830078,5.348361071418311,12.379701614379883,1.2353019481241276,0.2,0.05700994869005864
8.619999999999905,stop sign,661,212,52,51,7.058823529411767,12.383223533630371,5.324400004218604,12.379701614379883,1.2281792073986428,0.2,0.05629455037864575
8.639999999999905,stop sign,661,212,52,51,7.058823529411767,12.359262466430664,5.300438937018897,12.342857360839844,1.221073065333709,0.2,0.055793771560656735
8.659999999999904,stop sign,661,212,53,51,7.058823529411767,12.335360527038574,5.276536997626807,12.306232452392578,1.2140911354840351,0.2,0.05534566662308315
8.679999999999904,stop sign,661,212,52,52,6.923076923076925,12.311637878417969,5.388560955341044,12.23362922668457,1.2071215573861562,0.2,0.05493612989900229
8.699999999999903,stop sign,662,212,53,52,6.923076923076925,12.287975311279297,5.364898388202372,12.26982307434082,1.2001585256262397,0.2,0.05455358980677925
8.719999999999903,stop sign,662,212,53,51,7.058823529411767,12.264579772949219,5.205756243537452,12.26982307434082,1.19310180481904,0.2,0.05438167612758956
8.739999999999903,stop sign,663,211,52,52,6.923076923076925,12.241304397583008,5.318227474506083,12.161877632141113,1.186061030288997,0.2,0.05416547216679034
8.759999999999902,stop sign,663,211,53,52,6.923076923076925,12.218118667602539,5.295041744525614,12.197648048400879,1.1792499800913987,0.2,0.05382579585307602
8.779999999999902,stop sign,664,210,52,52,6.923076923076925,12.195170402526855,5.27209347944993,12.161877632141113,1.1722323352298294,0.2,0.05368176563854649
8.799999999999901,stop sign,664,210,52,52,6.923076923076925,12.172282218933105,5.24920529585618,12.090962409973145,1.1653386249450506,0.2,0.05348720128330533
8.8199999999999,stop sign,664,210,53,52,6.923076923076925,12.149454116821289,5.226377193744364,12.12631607055664,1.158566002184717,0.2,0.05316564212237856
8.8399999999999,stop sign,664,210,53,52,6.923076923076925,12.126863479614258,5.203786556537333,12.090962409973145,1.151569533967329,0.2,0.06857352990902009
8.8599999999999,stop sign,665,210,53,53,6.792452830188681,12.10421371459961,5.311760884410928,12.055814743041992,1.1447038617231013,0.2,0.06372607216037889
8.8799999999999,stop sign,665,210,53,53,6.792452830188681,12.081862449645996,5.289409619457315,12.055814743041992,1.1378525802175674,0.2,0.060241229711555495
8.899999999999899,stop sign,665,210,52,53,6.792452830188681,12.05968952178955,5.2672366916008695,12.020870208740234,1.1310004545550911,0.2,0.07316419548293764
8.919999999999899,stop sign,666,210,52,53,6.792452830188681,12.037546157836914,5.245093327648233,11.95158576965332,1.1241636874764656,0.2,0.06675756694426706
8.939999999999898,stop sign,666,210,52,53,6.792452830188681,12.015582084655762,5.22312925446708,12.020870208740234,1.1174506065025023,0.2,0.062093924160653347
8.959999999999898,stop sign,666,210,53,53,6.792452830188681,11.993706703186035,5.201253872997354,11.95158576965332,1.1107336712388607,0.2,0.07428207990834891
8.979999999999897,stop sign,666,210,53,53,6.792452830188681,11.972010612487793,5.179557782299112,11.917242050170898,1.1040292025669363,0.2,0.06736108323551064
8.999999999999897,stop sign,667,210,52,53,6.792452830188681,11.950374603271484,5.157921773082803,11.986127853393555,1.0973396963063449,0.2,0.06242815765174023
9.019999999999897,stop sign,667,210,52,53,6.792452830188681,11.928916931152344,5.1364641009636625,11.883094787597656,1.0907957314600525,0.2,0.059152414934856234
9.039999999999896,stop sign,667,210,53,53,6.792452830188681,11.90751838684082,5.115065556652139,11.849143028259277,1.0842546688264096,0.2,0.056507754078423754
9.059999999999896,stop sign,668,210,53,54,6.666666666666669,11.886209487915039,5.21954282124837,11.883094787597656,1.0776116208696926,0.2,0.054656491478921015
9.079999999999895,stop sign,668,210,54,54,6.666666666666669,11.865079879760742,5.1984132130940734,11.849143028259277,1.0709902749760618,0.2,0.05344756375794483
9.099999999999895,stop sign,668,210,54,54,6.666666666666669,11.844039916992188,5.177373250325519,11.815384864807129,1.0646110053617583,0.2,0.052428250404511004
9.119999999999894,stop sign,668,209,54,54,6.666666666666669,11.823237419128418,5.156570752461749,11.815384864807129,1.0580147574632475,0.2,0.0516997752831577
9.139999999999894,stop sign,669,209,54,54,6.666666666666669,11.802495002746582,5.135828336079913,11.781818389892578,1.051548875343846,0.2,0.05118984269821039
9.159999999999894,stop sign,669,209,55,55,6.545454545454548,11.781693458557129,5.236238913102581,11.781818389892578,1.0450925119253018,0.2,0.050832889888747276
9.179999999999893,stop sign,669,208,54,55,6.545454545454548,11.761308670043945,5.215854124589398,11.781818389892578,1.038650625362761,0.2,0.05058302292212309
9.199999999999893,stop sign,670,209,54,55,6.545454545454548,11.740804672241211,5.195350126786663,42.53650665283203,1.0323235987015384,0.2,0.06501427656699343
9.219999999999892,stop sign,670,208,54,55,6.545454545454548,11.720598220825195,5.175143675370648,nan,1.0256135640155593,0.2,0.21501427656699343
9.239999999999892,stop sign,671,208,54,55,6.545454545454548,11.700451850891113,5.154997305436566,11.815384864807129,1.018974026672142,0.2,0.16550999359689542
9.259999999999891,stop sign,670,208,55,55,6.545454545454548,11.680424690246582,5.134970144792034,11.68225383758545,1.0125633516817723,0.2,0.191800060207463
9.279999999999891,stop sign,670,207,55,55,6.545454545454548,11.660635948181152,5.115181402726605,11.68225383758545,1.005934803015452,0.2,0.17780205769774488
9.29999999999989,stop sign,671,208,55,55,6.545454545454548,11.640788078308105,5.095333532853558,11.649438858032227,0.9995921531099786,0.2,0.1394614403884214
9.31999999999989,stop sign,671,208,55,55,6.545454545454548,11.621118545532227,5.075664000077679,11.584358215332031,0.9931574681779402,0.2,0.1268966151086908
9.33999999999989,stop sign,671,208,55,55,6.545454545454548,11.601627349853516,5.056172804398968,11.584358215332031,0.9867386060246371,0.2,0.1174526725675558
9.35999999999989,stop sign,671,208,56,55,6.545454545454548,11.582256317138672,5.036801771684124,11.616806983947754,0.9804686363693855,0.2,0.09721687079728906
9.379999999999889,stop sign,671,207,56,55,6.545454545454548,11.563063621520996,5.0176090760664485,11.55208969116211,0.9741010045669476,0.2,0.09683676708621666
9.399999999999888,stop sign,671,207,57,55,6.545454545454548,11.543990135192871,4.9985355897383235,11.520000457763672,0.967852306653309,0.2,0.09657069448846599
9.419999999999888,stop sign,671,207,57,55,6.545454545454548,11.524975776672363,4.979521231217816,11.55208969116211,0.9615117372396714,0.2,0.08259948614192619
9.439999999999888,stop sign,672,207,56,55,6.545454545454548,11.506081581115723,4.960627035661175,11.456354141235352,0.955298617150249,0.2,0.08660459782746266
9.459999999999887,stop sign,673,206,56,56,6.428571428571431,11.487424850463867,5.058853421892437,11.456354141235352,0.9490028377632864,0.2,0.07562321847922386
9.479999999999887,stop sign,673,206,56,56,6.428571428571431,11.468828201293945,5.040256772722515,11.456354141235352,0.9429630799321141,0.2,0.08124486131839699
9.499999999999886,stop sign,673,206,56,56,6.428571428571431,11.450350761413574,5.021779332842144,11.393406867980957,0.9367168419177203,0.2,0.08486908963681183
9.519999999999886,stop sign,673,206,56,56,6.428571428571431,11.431933403015137,5.003361974443706,11.393406867980957,0.9307149633371478,0.2,0.07440836274576829
9.539999999999885,stop sign,674,206,56,56,6.428571428571431,11.413753509521484,4.985182080950054,11.42479419708252,0.9245017922839405,0.2,0.06708585392203781
9.559999999999885,stop sign,674,205,56,56,6.428571428571431,11.3956937789917,4.967122350420269,11.393406867980957,0.9185371885032992,0.2,0.06196009774542647
9.579999999999885,stop sign,675,205,56,56,6.428571428571431,11.377693176269531,4.949121747698101,11.331148147583008,0.9124684308850584,0.2,0.058372068421798526
9.599999999999884,stop sign,675,205,56,57,6.315789473684212,11.359811782836914,5.044022309152702,11.331148147583008,0.9065212725706349,0.2,0.05586044789525897
9.619999999999884,stop sign,675,204,56,57,6.315789473684212,11.342108726501465,5.0263192528172524,11.331148147583008,0.9003475381403769,0.2,0.06649300739984831
9.639999999999883,stop sign,675,205,56,57,6.315789473684212,11.324406623840332,5.00861715015612,11.300272941589355,0.8944188767543769,0.2,0.06154510517989382
9.659999999999883,stop sign,675,204,56,57,6.315789473684212,11.306941986083984,4.991152512399772,11.26956558227539,0.8883861593010633,0.2,0.05808157362592567
9.679999999999882,stop sign,676,204,56,57,6.315789473684212,11.289597511291504,4.9738080376072915,11.26956558227539,0.8824779843210364,0.2,0.05565710153814797
9.699999999999882,stop sign,675,204,56,57,6.315789473684212,11.27231216430664,4.956522690622428,11.26956558227539,0.8764684163186145,0.2,0.05395997107670358
9.719999999999882,stop sign,676,204,57,58,6.20689655172414,11.255205154418945,5.048308602694806,11.239025115966797,0.8704691615614165,0.2,0.05277197975369251
9.739999999999881,stop sign,676,204,57,58,6.20689655172414,11.238158226013184,5.031261674289044,11.208649635314941,0.864593766195729,0.2,0.051940385827584756
9.75999999999988,stop sign,676,204,57,58,6.20689655172414,11.221290588378906,5.014394036654767,11.178437232971191,0.8587253598962066,0.2,0.05135827007930933
9.77999999999988,stop sign,676,204,59,58,6.20689655172414,11.204541206359863,4.997644654635724,11.178437232971191,0.8527520070608432,0.2,0.05095078905551653
9.79999999999988,stop sign,676,204,59,58,6.20689655172414,11.187851905822754,4.980955354098614,11.208649635314941,0.846789466279104,0.2,0.05066555233886157
9.81999999999988,stop sign,677,203,58,57,6.315789473684212,11.171401023864746,4.855611550180534,11.148387908935547,0.8409553105078611,0.2,0.050465886637203104
9.839999999999879,stop sign,677,204,59,58,6.20689655172414,11.154891014099121,4.947994462374981,11.118498802185059,0.8350025538971739,0.2,0.061842588723940196
9.859999999999879,stop sign,677,204,59,57,6.315789473684212,11.138618469238281,4.822828995554069,11.178437232971191,0.8291753189689244,0.2,0.05828981210675814
9.879999999999878,stop sign,677,204,59,57,6.315789473684212,11.122346878051758,4.806557404367545,11.088770866394043,0.8233667979931087,0.2,0.0558028684747307
9.899999999999878,stop sign,678,204,59,57,6.315789473684212,11.10631275177002,4.790523278085807,11.059200286865234,0.8175611293164038,0.2,0.05406200793231149
9.919999999999877,stop sign,678,204,59,58,6.20689655172414,11.090338706970215,4.883442155246075,11.088770866394043,0.8116332142105378,0.2,0.07688237661909296
9.939999999999877,stop sign,678,204,59,58,6.20689655172414,11.074483871459961,4.867587319735821,11.088770866394043,0.8057241725514129,0.2,0.06881766363336507
9.959999999999877,stop sign,679,204,59,58,6.20689655172414,11.058748245239258,4.851851693515118,11.000531196594238,0.8000608724074469,0.2,0.06317236454335555
9.979999999999876,stop sign,680,204,57,58,6.20689655172414,11.043131828308105,4.836235276583966,11.000531196594238,0.7941707986367034,0.2,0.059220655180348886
9.999999999999876,stop sign,680,204,57,58,6.20689655172414,11.027575492858887,4.820678941134747,11.059200286865234,0.7884025155110783,0.2,0.06727400610062853
10.019999999999875,stop sign,680,203,57,58,6.20689655172414,11.012197494506836,4.805300942782696,10.971428871154785,0.7826519163066314,0.2,0.06209180427043997
10.039999999999875,stop sign,681,203,57,58,6.20689655172414,10.996997833251953,4.7901012815278134,10.94248104095459,0.776908280861747,0.2,0.05846426298930798
10.059999999999874,stop sign,681,203,57,58,6.20689655172414,10.981799125671387,4.774902573947247,10.971428871154785,0.7711598410973217,0.2,0.0667445315668999
10.079999999999874,stop sign,682,203,57,58,6.20689655172414,10.966778755187988,4.759882203463849,10.971428871154785,0.765420426432675,0.2,0.07240455946574739
10.099999999999874,stop sign,682,203,57,58,6.20689655172414,10.951817512512207,4.744920960788067,10.913684844970703,0.7596967576445866,0.2,0.06568319162602318
10.119999999999873,stop sign,682,203,57,58,6.20689655172414,10.936976432800293,4.730079881076153,10.913684844970703,0.75398038343806,0.2,0.06097823413821623
10.139999999999873,stop sign,682,203,58,58,6.20689655172414,10.922253608703613,4.715357056979474,10.913684844970703,0.7481551686847202,0.2,0.06809922404913898
10.159999999999872,stop sign,682,203,58,58,6.20689655172414,10.9076509475708,4.700754395846661,10.885040283203125,0.7425719699596298,0.2,0.06266945683439729
10.179999999999872,stop sign,683,202,58,58,6.20689655172414,10.893226623535156,4.686330071811017,10.856545448303223,0.737001258419103,0.2,0.0588686197840781
10.199999999999871,stop sign,683,202,58,58,6.20689655172414,10.878861427307129,4.671964875582989,10.856545448303223,0.7312108042603593,0.2,0.05620803384885467
10.219999999999871,stop sign,683,202,59,58,6.20689655172414,10.864616394042969,4.657719842318829,10.856545448303223,0.7255459354724247,0.2,0.05434562369419827
10.23999999999987,stop sign,682,202,60,58,6.20689655172414,10.850430488586426,4.643533936862286,10.82819938659668,0.7200063203513449,0.2,0.05304193658593879
10.25999999999987,stop sign,683,202,60,58,6.20689655172414,10.836483001708984,4.629586449984845,10.82819938659668,0.7143589055860283,0.2,0.05212935561015715
10.27999999999987,stop sign,683,202,60,58,6.20689655172414,10.822535514831543,4.615638963107403,10.800000190734863,0.708837396865488,0.2,0.051490548927110004
10.29999999999987,stop sign,683,202,59,58,6.20689655172414,10.808588027954102,4.601691476229962,10.800000190734863,0.703208787944315,0.2,0.051043384248977
10.319999999999869,stop sign,684,202,59,59,6.101694915254239,10.794938087463379,4.69324317220914,10.77194881439209,0.6975891462680611,0.2,0.0507303689742839
10.339999999999868,stop sign,684,202,59,58,6.20689655172414,10.78134822845459,4.57445167673045,10.77194881439209,0.6920911208120312,0.2,0.05051125828199873
10.359999999999868,stop sign,684,202,59,58,6.20689655172414,10.767818450927734,4.560921899203595,10.77194881439209,0.6864889973358927,0.2,0.05035788079739911
10.379999999999868,stop sign,684,202,59,58,6.20689655172414,10.754467010498047,4.547570458773907,10.74404239654541,0.6808957886952377,0.2,0.05025051655817938
10.399999999999867,stop sign,684,202,59,59,6.101694915254239,10.741174697875977,4.639479782621738,10.716279983520508,0.6754236920753539,0.2,0.05017536159072557
10.419999999999867,stop sign,684,201,59,59,6.101694915254239,10.728002548217773,4.626307632963535,10.716279983520508,0.6699600110677095,0.2,0.0501227531135079
10.439999999999866,stop sign,684,201,59,59,6.101694915254239,10.714948654174805,4.613253738920566,10.74404239654541,0.6643888144549118,0.2,0.05008592717945553
10.459999999999866,stop sign,685,201,59,60,6.000000000000002,10.70207405090332,4.7020740509033185,10.716279983520508,0.6589387133336173,0.2,0.05969285477370008
10.479999999999865,stop sign,685,201,60,60,6.000000000000002,10.689318656921387,4.689318656921385,10.633846282958984,0.6534913777093068,0.2,0.06629087583640207
10.499999999999865,stop sign,685,201,60,60,6.000000000000002,10.676563262939453,4.676563262939451,10.66118335723877,0.6479352265654328,0.2,0.06140361308548145
10.519999999999865,stop sign,685,201,61,60,6.000000000000002,10.66392707824707,4.6639270782470685,10.688660621643066,0.6423906921174595,0.2,0.05798252915983702
10.539999999999864,stop sign,685,201,61,60,6.000000000000002,10.651410102844238,4.6514101028442365,10.66118335723877,0.6370812695557239,0.2,0.06496809146753663
10.559999999999864,stop sign,685,201,61,60,6.000000000000002,10.638982772827148,4.638982772827147,10.633846282958984,0.6315500093125137,0.2,0.06371592760449846
10.579999999999863,stop sign,686,201,61,60,6.000000000000002,10.62679386138916,4.626793861389158,10.57959270477295,0.6261377007440699,0.2,0.06873205623285313
10.599999999999863,stop sign,686,201,60,60,6.000000000000002,10.614574432373047,4.614574432373045,10.606650352478027,0.6206206125336127,0.2,0.0631124393629972
10.619999999999862,stop sign,687,200,60,60,6.000000000000002,10.602594375610352,4.60259437561035,10.633846282958984,0.6153425224690061,0.2,0.059178707554098035
10.639999999999862,stop sign,687,200,59,60,6.000000000000002,10.590494155883789,4.590494155883787,10.57959270477295,0.609843873616103,0.2,0.06555600219757284
10.659999999999862,stop sign,687,200,60,60,6.000000000000002,10.578752517700195,4.5787525177001935,10.525888442993164,0.6044626567178668,0.2,0.06977578155849026
10.679999999999861,stop sign,688,200,60,60,6.000000000000002,10.567070007324219,4.567070007324217,10.525888442993164,0.5990853668006326,0.2,0.0724878483201817
10.69999999999986,stop sign,688,200,60,60,6.000000000000002,10.55544662475586,4.555446624755858,10.552672386169434,0.5937196726529532,0.2,0.06574149382412718
10.71999999999986,stop sign,688,200,60,60,6.000000000000002,10.543883323669434,4.543883323669432,10.525888442993164,0.5883622490159381,0.2,0.0697843116185089
10.73999999999986,stop sign,688,200,60,60,6.000000000000002,10.532439231872559,4.532439231872557,10.49924087524414,0.5829000625936182,0.2,0.06384901813295624
10.75999999999986,stop sign,689,200,60,60,6.000000000000002,10.521174430847168,4.521174430847166,10.47272777557373,0.5776759016764702,0.2,0.059694312693069365
10.779999999999859,stop sign,689,200,60,60,6.000000000000002,10.509968757629395,4.509968757629393,10.49924087524414,0.5723455475232042,0.2,0.05678601888514856
10.799999999999859,stop sign,689,200,60,60,6.000000000000002,10.498822212219238,4.4988222122192365,10.47272777557373,0.5670232591779955,0.2,0.054750213219603994
10.819999999999858,stop sign,689,200,60,60,6.000000000000002,10.48779582977295,4.487795829772947,10.47272777557373,0.5617090670226694,0.2,0.053325149253722795
10.839999999999858,stop sign,689,200,60,60,6.000000000000002,10.476887702941895,4.476887702941893,10.446348190307617,0.5564030274949003,0.2,0.052327604477605955
10.859999999999857,stop sign,689,200,60,60,6.000000000000002,10.466039657592773,4.466039657592772,10.446348190307617,0.5511034284610954,0.2,0.05162932313432417
10.879999999999857,stop sign,690,200,60,60,6.000000000000002,10.455459594726562,4.455459594726561,10.446348190307617,0.5459224018246767,0.2,0.059430292356660815
10.899999999999856,stop sign,690,200,60,60,6.000000000000002,10.444880485534668,4.444880485534666,10.420101165771484,0.5406354572680506,0.2,0.05660120464966257
10.919999999999856,stop sign,690,199,60,60,6.000000000000002,10.4343900680542,4.434390068054197,10.420101165771484,0.5353554565304193,0.2,0.054620843254763796
10.939999999999856,stop sign,690,199,60,60,6.000000000000002,10.423958778381348,4.423958778381346,10.420101165771484,0.5300855960495482,0.2,0.05323459027833466
10.959999999999855,stop sign,691,199,60,61,5.901639344262297,10.413796424865723,4.5121570806034255,10.393985748291016,0.5248237618413738,0.2,0.052264213194834264
10.979999999999855,stop sign,691,199,60,61,5.901639344262297,10.403634071350098,4.5019947270878005,10.393985748291016,0.5196826753855575,0.2,0.05158494923638399
10.999999999999854,stop sign,692,199,60,61,5.901639344262297,10.39367961883545,4.492040274573152,10.368000030517578,0.514434461384532,0.2,0.05110946446546879
11.019999999999854,stop sign,692,199,60,61,5.901639344262297,10.383666038513184,4.482026694250886,10.368000030517578,0.5093066118562459,0.2,0.05077662512582815
11.039999999999853,stop sign,692,199,61,61,5.901639344262297,10.373802185058594,4.472162840796297,10.342144966125488,0.5040712946375775,0.2,0.050543637588079705
11.059999999999853,stop sign,692,199,61,60,6.000000000000002,10.36402702331543,4.364027023315428,10.342144966125488,0.4988404721636998,0.2,0.0503805463116558
11.079999999999853,stop sign,692,199,61,60,6.000000000000002,10.3543701171875,4.354370117187498,10.342144966125488,0.493733548814993,0.2,0.05026638241815906
11.099999999999852,stop sign,692,199,61,60,6.000000000000002,10.34477424621582,4.3447742462158185,10.342144966125488,0.4885176750976776,0.2,0.050186467692711345
11.119999999999852,stop sign,692,199,61,60,6.000000000000002,10.3353271484375,4.335327148437498,10.342144966125488,0.48342042731624746,0.2,0.05795921511234926
11.139999999999851,stop sign,692,199,61,60,6.000000000000002,10.325969696044922,4.32596969604492,10.316418647766113,0.4782160020241717,0.2,0.05557145057864449
11.159999999999851,stop sign,692,199,61,60,6.000000000000002,10.316730499267578,4.316730499267576,10.316418647766113,0.47313207669992885,0.2,0.05390001540505114
11.17999999999985,stop sign,693,199,61,60,6.000000000000002,10.307670593261719,4.307670593261717,10.316418647766113,0.4679391448076804,0.2,0.0527300107835358
11.19999999999985,stop sign,693,198,61,60,6.000000000000002,10.29861068725586,4.298610687255858,10.29081916809082,0.4628699401119247,0.2,0.05191100754847506
11.21999999999985,stop sign,693,198,61,60,6.000000000000002,10.289669036865234,4.289669036865233,10.29081916809082,0.4578024244887121,0.2,0.05894073206143842
11.23999999999985,stop sign,693,198,61,61,5.901639344262297,10.280818939208984,4.379179594946687,10.265347480773926,0.45262381122733275,0.2,0.06408720017045821
11.259999999999849,stop sign,693,198,61,61,5.901639344262297,10.272056579589844,4.370417235327547,10.265347480773926,0.4475688979926623,0.2,0.05986104011932075
11.279999999999848,stop sign,693,198,61,62,5.806451612903228,10.26341438293457,4.456962770031343,10.265347480773926,0.44240504120875956,0.2,0.05690272808352453
11.299999999999848,stop sign,694,197,61,62,5.806451612903228,10.255009651184082,4.448558038280854,10.265347480773926,0.43747515176022644,0.2,0.05483190965846717
11.319999999999848,stop sign,694,197,61,62,5.806451612903228,10.246575355529785,4.440123742626557,10.214778900146484,0.4321298282691032,0.2,0.060874230678249173
11.339999999999847,stop sign,694,197,61,62,5.806451612903228,10.23823070526123,4.431779092358003,10.214778900146484,0.42701753782466545,0.2,0.057611961474774424
11.359999999999847,stop sign,693,197,62,62,5.806451612903228,10.22994613647461,4.423494523571382,10.24000072479248,0.4219143120963401,0.2,0.0553283730323421
11.379999999999846,stop sign,693,197,62,62,5.806451612903228,10.221779823303223,4.415328210399995,10.24000072479248,0.4167057137317284,0.2,0.05372986112263947
11.399999999999846,stop sign,693,197,62,62,5.806451612903228,10.21379280090332,4.407341188000093,10.24000072479248,0.41161569977324364,0.2,0.05261090278584763
11.419999999999845,stop sign,693,197,62,62,5.806451612903228,10.205865859985352,4.399414247082124,10.24000072479248,0.4064194493096853,0.2,0.05182763195009334
11.439999999999845,stop sign,693,197,63,62,5.806451612903228,10.198057174682617,4.391605561779389,10.189681053161621,0.40134263657808134,0.2,0.05866052587012363
11.459999999999845,stop sign,693,197,63,62,5.806451612903228,10.19036865234375,4.383917039440522,10.164706230163574,0.39615524911565964,0.2,0.06322467665300706
11.479999999999844,stop sign,693,197,63,62,5.806451612903228,10.1827392578125,4.376287644909272,10.164706230163574,0.39108741790726836,0.2,0.06631099296905753
11.499999999999844,stop sign,693,197,63,62,5.806451612903228,10.1752290725708,4.368777459667573,10.164706230163574,0.3859115635549175,0.2,0.06847141439029286
11.519999999999843,stop sign,693,197,63,62,5.806451612903228,10.167778015136719,4.361326402233491,10.189681053161621,0.38085721992753124,0.2,0.062929990073205
11.539999999999843,stop sign,693,197,63,62,5.806451612903228,10.160506248474121,4.354054635570893,10.164706230163574,0.37580903034302005,0.2,0.06621330159516402
11.559999999999842,stop sign,693,197,63,62,5.806451612903228,10.153264999389648,4.346813386486421,10.164706230163574,0.37076578476342836,0.2,0.06840303042856741
11.579999999999842,stop sign,693,196,64,62,5.806451612903228,10.146201133728027,4.3397495208248,10.11512279510498,0.3656138288598273,0.2,0.06993584061194978
11.599999999999842,stop sign,693,196,64,62,5.806451612903228,10.139227867126465,4.332776254223237,10.11512279510498,0.36058233235076875,0.2,0.06395508842836485
11.619999999999841,stop sign,694,196,64,63,5.714285714285716,10.132492065429688,4.418206351143971,10.11512279510498,0.35544308052411644,0.2,0.059768561899855396
11.63999999999984,stop sign,694,196,65,63,5.714285714285716,10.125816345214844,4.411530630929128,10.11512279510498,0.350539775309457,0.2,0.05683799332989878
11.65999999999984,stop sign,694,196,65,63,5.714285714285716,10.119081497192383,4.404795782906667,10.11512279510498,0.34541300823892784,0.2,0.054786595330929146
11.67999999999984,stop sign,694,196,65,63,5.714285714285716,10.11252498626709,4.398239271981374,10.11512279510498,0.34040496870661463,0.2,0.0533506167316504
11.69999999999984,stop sign,694,196,65,63,5.714285714285716,10.105968475341797,4.391682761056081,10.139853477478027,0.33540486676070747,0.2,0.05918536778975004
11.719999999999839,stop sign,694,196,65,63,5.714285714285716,10.099590301513672,4.385304587227956,10.090511322021484,0.330406635007926,0.2,0.06337616158209176
11.739999999999839,stop sign,694,196,65,63,5.714285714285716,10.09327220916748,4.378986494881764,10.066020011901855,0.3253020262709201,0.2,0.05936331310746423
11.759999999999838,stop sign,694,196,65,63,5.714285714285716,10.08707332611084,4.372787611825124,10.066020011901855,0.3204291445803485,0.2,0.056554319175224965
11.779999999999838,stop sign,694,196,65,63,5.714285714285716,10.08099365234375,4.366707938058034,10.066020011901855,0.3154486024919503,0.2,0.05458802342265748
11.799999999999837,stop sign,694,195,65,63,5.714285714285716,10.074974060058594,4.360688345772878,10.066020011901855,0.3103608899930974,0.2,0.05321161639586024
11.819999999999837,stop sign,694,195,65,64,5.625000000000002,10.069072723388672,4.44407272338867,10.066020011901855,0.3053891504965333,0.2,0.05224813147710217
11.839999999999836,stop sign,694,195,65,64,5.625000000000002,10.063291549682617,4.438291549682615,10.066020011901855,0.30053791098026833,0.2,0.05820238850542423
11.859999999999836,stop sign,694,195,65,64,5.625000000000002,10.05756950378418,4.432569503784178,10.066020011901855,0.29546248305589473,0.2,0.055741671953796965
11.879999999999836,stop sign,695,195,65,64,5.625000000000002,10.052145004272461,4.427145004272459,10.041646957397461,0.29050734373295095,0.2,0.054019170367657875
11.899999999999835,stop sign,695,195,65,64,5.625000000000002,10.046661376953125,4.421661376953123,10.041646957397461,0.28567120480740277,0.2,0.052813419257360515
11.919999999999835,stop sign,695,195,65,64,5.625000000000002,10.041237831115723,4.416237831115721,10.041646957397461,0.2806108949808168,0.2,0.051969393480152365
11.939999999999834,stop sign,695,195,65,64,5.625000000000002,10.035932540893555,4.410932540893553,10.041646957397461,0.27578434587746536,0.2,0.051378575436106654
11.959999999999834,stop sign,695,195,65,64,5.625000000000002,10.030747413635254,4.405747413635252,10.0173921585083,0.27084792864863516,0.2,0.05096500280527466
11.979999999999833,stop sign,695,195,65,64,5.625000000000002,10.02562141418457,4.4006214141845685,10.0173921585083,0.2658011888544253,0.2,0.05067550196369226
11.999999999999833,stop sign,695,195,65,64,5.625000000000002,10.020614624023438,4.395614624023436,10.0173921585083,0.26098714945052554,0.2,0.050472851374584585
12.019999999999833,stop sign,695,195,65,64,5.625000000000002,10.015727043151855,4.390727043151854,9.993253707885742,0.25606167505442173,0.2,0.05033099596220921
12.039999999999832,stop sign,695,195,65,65,5.53846153846154,10.010958671569824,4.472497133108284,9.993253707885742,0.2511437253187268,0.2,0.05023169717354645
12.059999999999832,stop sign,696,194,65,65,5.53846153846154,10.006368637084961,4.467907098623421,9.993253707885742,0.24634087944918814,0.2,0.050162188021482514
12.079999999999831,stop sign,696,194,65,65,5.53846153846154,10.001779556274414,4.463318017812874,9.993253707885742,0.24131464802187666,0.2,0.05011353161503776
12.099999999999831,stop sign,696,195,65,65,5.53846153846154,9.997308731079102,4.4588471926175615,9.993253707885742,0.23652542048100345,0.2,0.05007947213052643
12.11999999999983,stop sign,696,195,65,65,5.53846153846154,9.992897987365723,4.4544364489041826,9.993253707885742,0.23161934794454028,0.2,0.050055630491368505
12.13999999999983,stop sign,696,195,65,65,5.53846153846154,9.988606452941895,4.450144914480354,9.969231605529785,0.22672276344494074,0.2,0.050038941343957956
12.15999999999983,stop sign,696,195,65,65,5.53846153846154,9.984375,4.44591346153846,9.969231605529785,0.2218240401706511,0.2,0.05002725894077057
12.17999999999983,stop sign,696,195,65,65,5.53846153846154,9.98026180267334,4.4418002642118,9.969231605529785,0.21704611457250061,0.2,0.0500190812585394
12.199999999999829,stop sign,696,195,65,65,5.53846153846154,9.976268768310547,4.437807229849007,9.969231605529785,0.2121583134731138,0.2,0.05001335688097758
12.219999999999828,stop sign,696,195,65,65,5.53846153846154,9.972334861755371,4.433873323293831,9.969231605529785,0.20727308412556833,0.2,0.050009349816684305
12.239999999999828,stop sign,696,194,65,65,5.53846153846154,9.968520164489746,4.430058626028206,9.969231605529785,0.20239159388707287,0.2,0.050006544871679014
12.259999999999827,stop sign,696,194,66,65,5.53846153846154,9.964764595031738,4.426303056570198,9.945323944091797,0.19762810042269646,0.2,0.05000458141017531
12.279999999999827,stop sign,696,194,66,65,5.53846153846154,9.961188316345215,4.422726777883675,9.945323944091797,0.19275340625789206,0.2,0.05000320698712272
12.299999999999827,stop sign,697,194,66,65,5.53846153846154,9.957850456237793,4.419388917776253,9.945323944091797,0.1879976634228361,0.2,0.050002244890985904
12.319999999999826,stop sign,697,194,66,65,5.53846153846154,9.954453468322754,4.415991929861214,9.945323944091797,0.18312956114134277,0.2,0.05000157142369013
12.339999999999826,stop sign,696,194,66,65,5.53846153846154,9.950936317443848,4.4124747789823076,9.945323944091797,0.17826183368061477,0.2,0.050001099996583094
12.359999999999825,stop sign,697,194,66,65,5.53846153846154,9.947896957397461,4.409435418935921,9.945323944091797,0.17340278851767046,0.2,0.05000076999760816
12.379999999999825,stop sign,697,194,66,65,5.53846153846154,9.944737434387207,4.406275895925667,9.945323944091797,0.16865835953172822,0.2,0.05000053899832572
12.399999999999824,stop sign,697,194,66,65,5.53846153846154,9.941757202148438,4.403295663686897,9.945323944091797,0.16379940557404774,0.2,0.050000377298828
12.419999999999824,stop sign,697,194,65,65,5.53846153846154,9.938837051391602,4.4003755129300615,9.921531677246094,0.15906375944661985,0.2,0.050000264109179605
12.439999999999824,stop sign,697,194,66,65,5.53846153846154,9.935976028442383,4.397514489980843,9.921531677246094,0.15420890745183413,0.2,0.05000018487642573
12.459999999999823,stop sign,697,194,65,65,5.53846153846154,9.933293342590332,4.394831804128792,9.921531677246094,0.14936492558064757,0.2,0.05000012941349801
12.479999999999823,stop sign,697,194,65,65,5.53846153846154,9.930670738220215,4.392209199758675,9.921531677246094,0.1446296687807402,0.2,0.05000009058944861
12.499999999999822,stop sign,697,194,65,65,5.53846153846154,9.928108215332031,4.389646676870491,9.921531677246094,0.13990604784848623,0.2,0.05000006341261403
12.519999999999822,stop sign,697,194,65,65,5.53846153846154,9.925663948059082,4.387202409597542,9.921531677246094,0.13494877303179004,0.2,0.05000004438882982
12.539999999999822,stop sign,697,194,65,65,5.53846153846154,9.92333984375,4.38487830528846,9.921531677246094,0.13034213486321722,0.2,0.05000003107218088
12.559999999999821,stop sign,697,194,66,65,5.53846153846154,9.921133995056152,4.382672456594612,9.921531677246094,0.1253875684266139,0.2,0.05000002175052662
12.57999999999982,stop sign,697,194,66,65,5.53846153846154,9.918988227844238,4.380526689382698,9.921531677246094,0.12078616743213585,0.2,0.050000015225368635
12.59999999999982,stop sign,697,194,66,65,5.53846153846154,9.916961669921875,4.378500131460335,9.921531677246094,0.11583568141269077,0.2,0.05000001065775805
12.61999999999982,stop sign,697,194,66,65,5.53846153846154,9.915054321289062,4.376592782827522,9.921531677246094,0.11111957485082707,0.2,0.05000000746043064
12.63999999999982,stop sign,697,194,66,65,5.53846153846154,9.913207054138184,4.3747455156766435,9.897852897644043,0.10640994766467968,0.2,0.05000000522230145
12.659999999999819,stop sign,697,194,66,65,5.53846153846154,9.911478042602539,4.373016504140999,9.897852897644043,0.10157811953719714,0.2,0.05000000365561101
12.679999999999819,stop sign,697,194,66,65,5.53846153846154,9.909869194030762,4.371407655569222,9.897852897644043,0.09675208793134885,0.2,0.05000000255892771
12.699999999999818,stop sign,697,194,66,65,5.53846153846154,9.908319473266602,4.3698579348050615,9.897852897644043,0.09204134416958226,0.2,0.0500000017912494
12.719999999999818,stop sign,697,194,66,65,5.53846153846154,9.906888961791992,4.368427423330452,9.897852897644043,0.08733719534980684,0.2,0.05000000125387458
12.739999999999817,stop sign,696,194,66,65,5.53846153846154,9.905339241027832,4.366877702566292,9.897852897644043,0.08250801060010923,0.2,0.05000000087771221
12.759999999999817,stop sign,696,194,66,65,5.53846153846154,9.904147148132324,4.365685609670784,9.897852897644043,0.07768500184169018,0.2,0.05000000061439855
12.779999999999816,stop sign,697,194,66,65,5.53846153846154,9.903252601623535,4.364791063161995,9.897852897644043,0.07298084098508047,0.2,0.05000000043007898
12.799999999999816,stop sign,697,194,66,65,5.53846153846154,9.902239799499512,4.363778261037972,9.897852897644043,0.06827043979634914,0.2,0.05000000030105529
12.819999999999816,stop sign,697,194,66,65,5.53846153846154,9.901286125183105,4.362824586721565,9.897852897644043,0.06344461489150555,0.2,0.0500000002107387
12.839999999999815,stop sign,696,194,66,65,5.53846153846154,9.900272369384766,4.3618108309232255,9.897852897644043,0.058615287868673836,0.2,0.05591396167724884
12.859999999999815,stop sign,696,194,66,65,5.53846153846154,9.899557113647461,4.361095575185921,9.897852897644043,0.053895220553804114,0.2,0.060053734703805935
12.879999999999814,stop sign,696,194,66,65,5.53846153846154,9.898961067199707,4.360499528738167,9.897852897644043,0.0,0.2,0.0631517848439642
