t,cls,x,y,w,h,s_stereo_m,s_depth_m,err_stereo_depth_m,s_pinhole_m,ego_v_mps,mu
0.12000000000000001,person,580,303,16,37,30.720001220703125,22.62461280822754,8.095388412475586,22.05405405405406,1.1605536222457886,0.9
0.8800000000000004,person,584,260,13,38,nan,22.52039337158203,nan,21.473684210526322,0.8180457845013795,0.9
0.8800000000000004,bus,450,239,49,59,28.601381301879883,28.584123611450195,0.0172576904296875,24.406779661016955,0.8180457845013795,0.9
1.2200000000000006,bus,455,240,50,58,28.601381301879883,28.654756546020508,-0.053375244140625,24.82758620689656,1.7862771824113497,0.9
1.2400000000000007,bus,455,239,50,59,28.601381301879883,28.65478515625,-0.05340385437011719,24.406779661016955,1.8158741098458364,0.9
1.2600000000000007,bus,455,238,50,60,28.601381301879883,28.654756546020508,-0.053375244140625,24.000000000000007,1.8320031912290238,0.9
1.2800000000000007,bus,455,238,50,60,28.80000114440918,28.65439796447754,0.14560317993164062,24.000000000000007,1.8390243632020526,0.9
1.3000000000000007,bus,455,237,51,60,28.80000114440918,28.655590057373047,0.1444110870361328,24.000000000000007,1.8408149311884743,0.9
1.3200000000000007,bus,455,237,51,60,28.601381301879883,28.65606689453125,-0.05468559265136719,24.000000000000007,1.8394624176210979,0.9
1.3600000000000008,bus,455,237,51,60,28.601381301879883,28.654695510864258,-0.053314208984375,24.000000000000007,1.8320456331660184,0.9
1.3800000000000008,bus,455,237,51,60,28.601381301879883,28.653057098388672,-0.05167579650878906,24.000000000000007,1.825272650477971,0.9
1.4000000000000008,bus,455,238,51,58,28.601381301879883,28.651329040527344,-0.04994773864746094,24.82758620689656,1.8181735553702953,0.9
1.4200000000000008,bus,456,239,50,58,28.80000114440918,28.647245407104492,0.1527557373046875,24.82758620689656,1.8111697077525934,0.9
1.4400000000000008,bus,456,239,51,58,28.601381301879883,28.643253326416016,-0.04187202453613281,24.82758620689656,1.8041437982972313,0.9
1.4600000000000009,bus,456,239,51,58,28.80000114440918,28.63839340209961,0.1616077423095703,24.82758620689656,1.7971629717898372,0.9
1.4800000000000009,bus,456,239,51,58,28.601381301879883,28.633445739746094,-0.03206443786621094,24.82758620689656,1.7903575298217573,0.9
1.5000000000000009,bus,456,238,51,59,28.80000114440918,28.62775421142578,0.17224693298339844,24.406779661016955,1.7836242595433687,0.9
1.520000000000001,bus,456,238,50,59,28.80000114440918,28.620037078857422,0.1799640655517578,24.406779661016955,1.7768414887693202,0.9
1.540000000000001,bus,456,238,50,59,28.601381301879883,28.610916137695312,-0.009534835815429688,24.406779661016955,1.7703425472163739,0.9
1.560000000000001,bus,457,238,50,59,28.601381301879883,28.601261138916016,0.0001201629638671875,24.406779661016955,1.7637761653381587,0.9
1.580000000000001,bus,456,238,50,59,28.601381301879883,28.590829849243164,0.01055145263671875,24.406779661016955,1.7572763052835927,0.9
1.600000000000001,bus,456,239,50,58,28.601381301879883,28.579296112060547,0.022085189819335938,24.82758620689656,1.7505658022047652,0.9
1.620000000000001,bus,456,239,50,58,28.601381301879883,28.566987991333008,0.034393310546875,24.82758620689656,1.7441275066312438,0.9
1.640000000000001,bus,457,240,50,58,28.601381301879883,28.554054260253906,0.04732704162597656,24.82758620689656,1.737495867901421,0.9
1.640000000000001,stop sign,546,250,17,16,34.85042190551758,35.1978874206543,-0.34746551513671875,22.500000000000007,1.737495867901421,0.9
1.660000000000001,bus,457,239,50,58,28.601381301879883,28.539031982421875,0.06234931945800781,24.82758620689656,1.7310293212011683,0.9
1.660000000000001,stop sign,546,251,17,15,34.85042190551758,35.162391662597656,-0.3119697570800781,24.000000000000007,1.7310293212011683,0.9
1.680000000000001,bus,457,239,51,58,28.601381301879883,28.523149490356445,0.0782318115234375,24.82758620689656,1.7244902885181657,0.9
1.680000000000001,stop sign,546,251,18,15,35.4461555480957,35.12657165527344,0.3195838928222656,24.000000000000007,1.7244902885181657,0.9
1.700000000000001,stop sign,546,251,18,14,35.4461555480957,35.09170150756836,0.35445404052734375,25.714285714285722,1.718112283108019,0.9
1.700000000000001,bus,457,239,51,58,28.601381301879883,28.505535125732422,0.09584617614746094,24.82758620689656,1.718112283108019,0.9
1.720000000000001,stop sign,547,251,18,15,35.4461555480957,35.05534362792969,0.3908119201660156,24.000000000000007,1.7119416454116938,0.9
1.720000000000001,bus,457,239,51,58,28.601381301879883,28.487504959106445,0.1138763427734375,24.82758620689656,1.7119416454116938,0.9
1.740000000000001,stop sign,547,251,18,15,35.1457633972168,35.020713806152344,0.12504959106445312,24.000000000000007,1.705583459636072,0.9
1.740000000000001,bus,457,240,51,58,28.601381301879883,28.468610763549805,0.13277053833007812,24.82758620689656,1.705583459636072,0.9
1.7800000000000011,bus,458,240,52,58,28.601381301879883,28.42885398864746,0.17252731323242188,24.82758620689656,1.6933000518919152,0.9
1.8000000000000012,bus,458,240,52,58,28.601381301879883,28.40769386291504,0.19368743896484375,24.82758620689656,1.687259066186054,0.9
1.8200000000000012,bus,457,239,52,59,28.405481338500977,28.385910034179688,0.019571304321289062,24.406779661016955,1.6810161537113797,0.9
1.8400000000000012,bus,458,240,51,57,28.405481338500977,28.361827850341797,0.04365348815917969,25.26315789473685,1.6749094769109423,0.9
1.8600000000000012,bus,458,240,51,57,28.405481338500977,28.336883544921875,0.06859779357910156,25.26315789473685,1.6688275306114932,0.9
1.9000000000000012,bus,458,241,51,57,28.21224594116211,28.283329010009766,-0.07108306884765625,25.26315789473685,1.6566001792458953,0.9
1.9200000000000013,bus,458,240,51,57,28.405481338500977,28.257282257080078,0.14819908142089844,25.26315789473685,1.650636348339492,0.9
1.9400000000000013,bus,458,240,51,57,28.405481338500977,28.228343963623047,0.1771373748779297,25.26315789473685,1.6446866054626152,0.9
1.9600000000000013,bus,458,241,51,57,28.405481338500977,28.198184967041016,0.20729637145996094,25.26315789473685,1.6387701720924028,0.9
1.9800000000000013,bus,458,241,51,57,28.405481338500977,28.167667388916016,0.23781394958496094,25.26315789473685,1.6329043621791752,0.9
2.0000000000000013,bus,458,241,51,57,28.405481338500977,28.136255264282227,0.26922607421875,25.26315789473685,1.6271868277997452,0.9
2.0200000000000014,bus,458,240,51,58,28.405481338500977,28.104724884033203,0.30075645446777344,24.82758620689656,1.6213647652087357,0.9
2.0400000000000014,bus,459,240,51,58,28.21224594116211,28.07223892211914,0.14000701904296875,24.82758620689656,1.61556129855534,0.9
2.0600000000000014,bus,459,240,51,58,28.21224594116211,28.039934158325195,0.17231178283691406,24.82758620689656,1.6099904034633685,0.9
2.0800000000000014,bus,459,240,50,58,28.021623611450195,28.007211685180664,0.01441192626953125,24.82758620689656,1.6041990711799787,0.9
2.1000000000000014,bus,459,240,51,58,28.021623611450195,27.974905014038086,0.046718597412109375,24.82758620689656,1.5985269159016307,0.9
2.1200000000000014,bus,459,240,51,58,27.833559036254883,27.942630767822266,-0.10907173156738281,24.82758620689656,1.5928707513035856,0.9
2.1400000000000015,bus,460,241,51,58,27.833559036254883,27.90930938720703,-0.07575035095214844,24.82758620689656,1.5873363553822586,0.9
2.2800000000000016,bus,460,241,51,57,27.833559036254883,27.691991806030273,0.14156723022460938,25.26315789473685,1.5483514430798986,0.9
2.3000000000000016,bus,460,241,51,57,27.833559036254883,27.66153335571289,0.1720256805419922,25.26315789473685,1.542602149500145,0.9
2.3200000000000016,bus,460,241,51,57,27.833559036254883,27.631046295166016,0.2025127410888672,25.26315789473685,1.5370856769409034,0.9
2.4200000000000017,bus,460,241,52,58,27.464902877807617,27.477861404418945,-0.012958526611328125,24.82758620689656,1.5092296915254728,0.9
2.4400000000000017,bus,460,241,52,58,27.464902877807617,27.44776153564453,0.017141342163085938,24.82758620689656,1.5037328211146874,0.9
2.4600000000000017,bus,460,241,52,58,27.284212112426758,27.417720794677734,-0.13350868225097656,24.82758620689656,1.4980115859733951,0.9
2.4800000000000018,bus,460,241,52,59,27.464902877807617,27.387561798095703,0.07734107971191406,24.406779661016955,1.4925272215431629,0.9
2.580000000000002,bus,460,240,53,60,27.648000717163086,27.24039649963379,0.4076042175292969,24.000000000000007,1.464822148118676,0.9
2.600000000000002,bus,460,240,53,60,27.648000717163086,27.211280822753906,0.4367198944091797,24.000000000000007,1.4593660585245802,0.9
2.620000000000002,bus,460,239,53,61,27.648000717163086,27.18329620361328,0.4647045135498047,23.60655737704919,1.4537995521848237,0.9
2.660000000000002,bus,460,240,53,60,27.648000717163086,27.12491226196289,0.5230884552001953,24.000000000000007,1.4427921935920387,0.9
2.680000000000002,bus,460,240,53,60,27.464902877807617,27.096302032470703,0.36860084533691406,24.000000000000007,1.4372311317412954,0.9
2.700000000000002,bus,461,240,53,60,27.464902877807617,27.067096710205078,0.39780616760253906,24.000000000000007,1.431903108245286,0.9
2.720000000000002,bus,461,240,53,61,27.284212112426758,27.038755416870117,0.24545669555664062,23.60655737704919,1.4262303717283156,0.9
2.760000000000002,bus,460,238,53,63,27.105884552001953,26.983619689941406,0.12226486206054688,22.857142857142865,1.4153423839422579,0.9
3.4000000000000026,bus,462,238,56,66,26.58461570739746,26.134075164794922,0.45054054260253906,21.818181818181824,1.2402455717512322,0.9
3.4200000000000026,bus,462,238,56,66,26.58461570739746,26.109161376953125,0.47545433044433594,21.818181818181824,1.2348372821504217,0.9
3.4400000000000026,bus,461,239,56,65,26.58461570739746,26.0851993560791,0.4994163513183594,22.15384615384616,1.229324868384495,0.9
3.4600000000000026,bus,461,239,56,65,26.75613021850586,26.06064224243164,0.6954879760742188,22.15384615384616,1.2239237392410995,0.9
3.4800000000000026,bus,461,239,56,65,26.75613021850586,26.03608512878418,0.7200450897216797,22.15384615384616,1.2184132597856552,0.9
3.5000000000000027,bus,461,239,56,65,26.75613021850586,26.01176643371582,0.7443637847900391,22.15384615384616,1.2127927855908776,0.9
3.5200000000000027,bus,461,239,55,65,26.92987060546875,25.98774528503418,0.9421253204345703,22.15384615384616,1.2070683499093005,0.9
3.5400000000000027,bus,461,239,56,65,26.75613021850586,25.963726043701172,0.7924041748046875,22.15384615384616,1.2012648896058458,0.9
3.5600000000000027,bus,462,238,56,66,26.58461570739746,25.93910789489746,0.6455078125,21.818181818181824,1.195850339726233,0.9
3.5800000000000027,bus,462,238,56,66,26.415287017822266,25.91490936279297,0.5003776550292969,21.818181818181824,1.1902627289548449,0.9
3.6000000000000028,bus,462,238,55,65,26.415287017822266,25.890947341918945,0.5243396759033203,22.15384615384616,1.1847277143630448,0.9
3.6200000000000028,bus,462,238,55,66,26.415287017822266,25.86680793762207,0.5484790802001953,21.818181818181824,1.1792974623796015,0.9
3.640000000000003,bus,462,237,55,66,26.24810218811035,25.842906951904297,0.4051952362060547,21.818181818181824,1.1737390986892116,0.9
3.660000000000003,bus,461,237,55,66,26.415287017822266,25.81936264038086,0.5959243774414062,21.818181818181824,1.1682977783704687,0.9
3.680000000000003,bus,461,237,55,66,26.415287017822266,25.795759201049805,0.6195278167724609,21.818181818181824,1.162972999726318,0.9
3.700000000000003,bus,461,237,55,66,26.415287017822266,25.772275924682617,0.6430110931396484,21.818181818181824,1.1575358199099008,0.9
3.720000000000003,bus,461,237,55,65,26.415287017822266,25.749267578125,0.6660194396972656,22.15384615384616,1.152215575822269,0.9
3.740000000000003,bus,461,237,55,65,26.24810218811035,25.72661781311035,0.521484375,22.15384615384616,1.1469594072734282,0.9
3.760000000000003,bus,461,236,56,66,26.24810218811035,25.704265594482422,0.5438365936279297,21.818181818181824,1.1416085988539595,0.9
3.780000000000003,bus,462,235,56,66,26.083019256591797,25.681259155273438,0.4017601013183594,21.818181818181824,1.1361675322140377,0.9
3.800000000000003,bus,461,235,56,67,26.24810218811035,25.658458709716797,0.5896434783935547,21.49253731343284,1.1308560855615581,0.9
3.820000000000003,bus,462,235,56,66,26.24810218811035,25.635482788085938,0.6126194000244141,21.818181818181824,1.125556315354566,0.9
3.840000000000003,bus,461,236,57,65,26.083019256591797,25.61208724975586,0.4709320068359375,22.15384615384616,1.1201403191990478,0.9
3.860000000000003,bus,462,236,57,66,26.083019256591797,25.588722229003906,0.4942970275878906,21.818181818181824,1.1149449862662983,0.9
3.880000000000003,bus,462,236,57,65,26.24810218811035,25.566221237182617,0.6818809509277344,22.15384615384616,1.1096374458952512,0.9
3.900000000000003,bus,462,236,57,66,26.24810218811035,25.543601989746094,0.7045001983642578,21.818181818181824,1.1044246508303628,0.9
3.920000000000003,bus,462,236,57,65,26.24810218811035,25.521190643310547,0.7269115447998047,22.15384615384616,1.0990931795789058,0.9
3.920000000000003,stop sign,559,250,21,20,31.901540756225586,31.923864364624023,-0.0223236083984375,18.000000000000007,1.0990931795789058,0.9
3.940000000000003,bus,462,236,57,65,26.24810218811035,25.4990177154541,0.74908447265625,22.15384615384616,1.0937547640307592,0.9
3.960000000000003,bus,462,236,57,65,26.24810218811035,25.476905822753906,0.7711963653564453,22.15384615384616,1.0885253938158996,0.9
3.980000000000003,bus,462,236,58,65,26.24810218811035,25.45452308654785,0.7935791015625,22.15384615384616,1.0832835972707315,0.9
4.000000000000003,bus,462,236,57,64,26.415287017822266,25.434019088745117,0.9812679290771484,22.500000000000007,1.0779335016032159,0.9
4.020000000000002,bus,462,236,57,64,26.415287017822266,25.412322998046875,1.0029640197753906,22.500000000000007,1.072743033816944,0.9
4.040000000000002,bus,462,236,57,65,26.415287017822266,25.390239715576172,1.0250473022460938,22.15384615384616,1.0674270600929479,0.9
4.060000000000001,bus,462,237,57,64,26.415287017822266,25.368900299072266,1.04638671875,22.500000000000007,1.0623433329003054,0.9
4.080000000000001,bus,462,237,57,64,26.415287017822266,25.34786033630371,1.0674266815185547,22.500000000000007,1.0569156736260257,0.9
4.1000000000000005,bus,462,236,57,64,26.415287017822266,25.327476501464844,1.0878105163574219,22.500000000000007,1.0517148670151482,0.9
4.12,bus,462,236,57,64,26.415287017822266,25.3065242767334,1.1087627410888672,22.500000000000007,1.046520393523445,0.9
4.14,bus,462,236,57,65,26.415287017822266,25.285245895385742,1.1300411224365234,22.15384615384616,1.0413311306651776,0.9
4.159999999999999,bus,462,235,57,65,26.415287017822266,25.264890670776367,1.1503963470458984,22.15384615384616,1.0359017931403862,0.9
4.179999999999999,bus,462,235,57,65,26.24810218811035,25.24420928955078,1.0038928985595703,22.15384615384616,1.0307018877438754,0.9
4.199999999999998,bus,462,235,57,65,26.415287017822266,25.22376251220703,1.1915245056152344,22.15384615384616,1.025506498864452,0.9
4.219999999999998,bus,462,235,57,65,26.083019256591797,25.203258514404297,0.8797607421875,22.15384615384616,1.0200746644381145,0.9
4.2399999999999975,bus,462,235,57,65,26.24810218811035,25.182905197143555,1.0651969909667969,22.15384615384616,1.0148881078062688,0.9
4.2399999999999975,stop sign,561,250,20,16,31.418182373046875,31.580242156982422,-0.16205978393554688,22.500000000000007,1.0148881078062688,0.9
4.259999999999997,bus,462,235,57,65,26.24810218811035,25.16269874572754,1.0854034423828125,22.15384615384616,1.0095898094491251,0.9
4.279999999999997,bus,462,234,57,66,26.24810218811035,25.143474578857422,1.1046276092529297,21.818181818181824,1.0044227086609894,0.9
4.299999999999996,bus,462,235,57,66,26.083019256591797,25.123390197753906,0.9596290588378906,21.818181818181824,0.9990361246255637,0.9
4.319999999999996,bus,462,234,57,66,25.920001983642578,25.105419158935547,0.8145828247070312,21.818181818181824,0.9938982593200462,0.9
4.319999999999996,stop sign,561,250,20,17,31.418182373046875,31.499717712402344,-0.08153533935546875,21.1764705882353,0.9938982593200462,0.9
4.339999999999995,bus,462,234,57,66,25.920001983642578,25.087596893310547,0.8324050903320312,21.818181818181824,0.9886517193900809,0.9
4.359999999999995,bus,462,234,57,66,26.083019256591797,25.070310592651367,1.0127086639404297,21.818181818181824,0.9835399864122223,0.9
4.379999999999995,bus,462,234,57,66,26.083019256591797,25.053741455078125,1.0292778015136719,21.818181818181824,0.978319591139451,0.9
4.399999999999994,bus,462,234,57,66,25.920001983642578,25.03791618347168,0.8820858001708984,21.818181818181824,0.9730990534864599,0.9
4.419999999999994,bus,462,234,57,66,26.083019256591797,25.02280616760254,1.0602130889892578,21.818181818181824,0.9678864435848289,0.9
4.439999999999993,bus,462,234,58,66,25.920001983642578,25.008024215698242,0.9119777679443359,21.818181818181824,0.9627895181579144,0.9
4.459999999999993,bus,462,234,57,67,25.920001983642578,24.994672775268555,0.9253292083740234,21.49253731343284,0.9575863451962348,0.9
4.479999999999992,bus,462,234,57,67,25.920001983642578,24.982006072998047,0.9379959106445312,21.49253731343284,0.9524966752607158,0.9
4.499999999999992,bus,462,234,58,66,26.083019256591797,24.970056533813477,1.1129627227783203,21.818181818181824,0.9472989112975541,0.9
4.519999999999992,bus,462,234,58,67,25.75900650024414,24.95867156982422,0.8003349304199219,21.49253731343284,0.9422055105426248,0.9
4.539999999999991,bus,462,234,58,67,25.75900650024414,24.948360443115234,0.8106460571289062,21.49253731343284,0.9370138916204864,0.9
4.559999999999991,bus,462,234,58,67,25.75900650024414,24.938854217529297,0.8201522827148438,21.49253731343284,0.9319416122000457,0.9
4.57999999999999,bus,462,234,58,67,25.75900650024414,24.9301815032959,0.8288249969482422,21.49253731343284,0.9267651140415076,0.9
4.59999999999999,bus,462,234,58,67,25.920001983642578,24.922164916992188,0.9978370666503906,21.49253731343284,0.9217095545219356,0.9
4.6199999999999894,bus,462,234,58,66,25.920001983642578,24.91545867919922,1.0045433044433594,21.818181818181824,0.9165477489461105,0.9
4.639999999999989,bus,462,234,58,66,25.920001983642578,24.909080505371094,1.0109214782714844,21.818181818181824,0.9116131929813742,0.9
4.659999999999989,bus,462,234,58,66,25.920001983642578,24.90329933166504,1.016702651977539,21.818181818181824,0.9064459426928787,0.9
4.679999999999988,bus,462,234,58,66,25.920001983642578,24.898530960083008,1.0214710235595703,21.818181818181824,0.90128322402887,0.9
4.699999999999988,bus,462,234,58,66,25.920001983642578,24.89447784423828,1.0255241394042969,21.818181818181824,0.8963427963059447,0.9
4.719999999999987,bus,462,234,58,66,25.920001983642578,24.89137840270996,1.0286235809326172,21.818181818181824,0.8911721061712404,0.9
4.739999999999987,bus,462,234,58,66,25.920001983642578,24.888935089111328,1.03106689453125,21.818181818181824,0.8860087246208533,0.9
4.7599999999999865,bus,462,234,58,66,25.920001983642578,24.887266159057617,1.032735824584961,21.818181818181824,0.8810646588597335,0.9
4.779999999999986,bus,462,234,58,66,25.920001983642578,24.88631248474121,1.0336894989013672,21.818181818181824,0.8759090976590991,0.9
4.799999999999986,bus,462,234,58,66,25.920001983642578,24.88631248474121,1.0336894989013672,21.818181818181824,0.8708666643888414,0.9
4.819999999999985,bus,462,234,58,66,26.083019256591797,24.88690757751465,1.1961116790771484,21.818181818181824,0.8658332824659039,0.9
4.839999999999985,bus,462,233,58,66,25.75900650024414,24.888517379760742,0.8704891204833984,21.818181818181824,0.8606962028396657,0.9
4.859999999999984,bus,462,234,57,66,25.920001983642578,24.890872955322266,1.0291290283203125,21.818181818181824,0.8557871608682366,0.9
4.879999999999984,bus,462,234,57,66,25.920001983642578,24.89379119873047,1.0262107849121094,21.818181818181824,0.8506655680501609,0.9
4.8999999999999835,bus,462,234,58,66,26.083019256591797,24.8971004486084,1.1859188079833984,21.818181818181824,0.8456557291621731,0.9
4.919999999999983,bus,462,234,58,66,25.920001983642578,24.90151023864746,1.0184917449951172,21.818181818181824,0.8406468937689188,0.9
4.939999999999983,bus,462,234,57,66,25.920001983642578,24.907114028930664,1.012887954711914,21.818181818181824,0.8355308571329838,0.9
4.959999999999982,bus,462,234,58,66,25.75900650024414,24.912656784057617,0.8463497161865234,21.818181818181824,0.8306478160657281,0.9
4.979999999999982,bus,462,234,58,66,25.920001983642578,24.919391632080078,1.0006103515625,21.818181818181824,0.8256536707509083,0.9
4.999999999999981,bus,462,234,58,65,25.920001983642578,24.926843643188477,0.9931583404541016,22.15384615384616,0.8205520376208715,0.9
5.019999999999981,bus,462,234,58,65,25.920001983642578,24.935009002685547,0.9849929809570312,22.15384615384616,0.8156748153070087,0.9
5.0399999999999805,bus,462,234,58,65,25.920001983642578,24.944068908691406,0.9759330749511719,22.15384615384616,0.810575776705157,0.9
5.05999999999998,bus,462,234,57,66,26.24810218811035,24.954082489013672,1.2940196990966797,21.818181818181824,0.805581825141247,0.9
5.05999999999998,stop sign,563,246,19,21,30.949254989624023,30.832141876220703,0.11711311340332031,17.14285714285715,0.805581825141247,0.9
5.07999999999998,bus,462,234,57,65,26.415287017822266,24.964603424072266,1.45068359375,22.15384615384616,0.8005917683224733,0.9
5.07999999999998,stop sign,563,246,19,21,30.949254989624023,30.81608009338379,0.13317489624023438,17.14285714285715,0.8005917683224733,0.9
5.099999999999979,bus,462,234,57,65,26.415287017822266,24.97589683532715,1.4393901824951172,22.15384615384616,0.7955972864685721,0.9
5.099999999999979,stop sign,563,246,19,21,30.949254989624023,30.80013656616211,0.14911842346191406,17.14285714285715,0.7955972864685721,0.9
5.119999999999979,bus,462,234,57,66,26.415287017822266,24.98799705505371,1.4272899627685547,21.818181818181824,0.7905929472242145,0.9
5.119999999999979,stop sign,563,246,19,21,30.720001220703125,30.78428077697754,-0.06427955627441406,17.14285714285715,0.7905929472242145,0.9
5.139999999999978,bus,462,234,57,66,26.58461570739746,25.000812530517578,1.5838031768798828,21.818181818181824,0.7855850857239091,0.9
5.139999999999978,stop sign,563,246,19,21,30.49411964416504,30.768545150756836,-0.2744255065917969,17.14285714285715,0.7855850857239091,0.9
5.159999999999978,bus,462,234,57,66,26.083019256591797,25.014461517333984,1.0685577392578125,21.818181818181824,0.7804567788493656,0.9
5.159999999999978,stop sign,563,246,19,21,30.720001220703125,30.752899169921875,-0.03289794921875,17.14285714285715,0.7804567788493656,0.9
5.1799999999999775,bus,462,234,57,66,25.920001983642578,25.028766632080078,0.8912353515625,21.818181818181824,0.7754429552283738,0.9
5.1799999999999775,stop sign,563,246,19,21,30.720001220703125,30.737342834472656,-0.01734161376953125,17.14285714285715,0.7754429552283738,0.9
5.199999999999977,bus,462,234,57,65,25.920001983642578,25.043787002563477,0.8762149810791016,22.15384615384616,0.7705598877324973,0.9
5.199999999999977,stop sign,563,246,19,21,30.720001220703125,30.721904754638672,-0.001903533935546875,17.14285714285715,0.7705598877324973,0.9
5.219999999999977,bus,463,234,57,66,26.083019256591797,25.058897018432617,1.0241222381591797,21.818181818181824,0.7654482521041162,0.9
5.219999999999977,stop sign,563,246,19,21,30.949254989624023,30.706584930419922,0.24267005920410156,17.14285714285715,0.7654482521041162,0.9
5.239999999999976,stop sign,563,246,20,21,30.720001220703125,30.689390182495117,0.030611038208007812,17.14285714285715,0.7603357382286688,0.9
5.239999999999976,bus,463,234,57,66,25.920001983642578,25.07552719116211,0.8444747924804688,21.818181818181824,0.7603357382286688,0.9
5.259999999999976,stop sign,563,246,20,21,30.949254989624023,30.674251556396484,0.27500343322753906,17.14285714285715,0.7554580892616354,0.9
5.259999999999976,bus,463,234,57,66,25.920001983642578,25.09292984008789,0.8270721435546875,21.818181818181824,0.7554580892616354,0.9
5.279999999999975,bus,463,233,57,66,26.083019256591797,25.111587524414062,0.9714317321777344,21.818181818181824,0.7504818625027654,0.9
5.279999999999975,stop sign,563,246,20,21,30.720001220703125,30.659198760986328,0.060802459716796875,17.14285714285715,0.7504818625027654,0.9
5.299999999999975,bus,463,233,57,66,26.083019256591797,25.13039207458496,0.9526271820068359,21.818181818181824,0.7455117695796186,0.9
5.299999999999975,stop sign,563,246,20,21,30.720001220703125,30.644241333007812,0.0757598876953125,17.14285714285715,0.7455117695796186,0.9
5.3199999999999745,bus,463,233,57,66,25.920001983642578,25.150062561035156,0.7699394226074219,21.818181818181824,0.7404279677411821,0.9
5.3199999999999745,stop sign,563,246,20,21,30.949254989624023,30.629398345947266,0.3198566436767578,17.14285714285715,0.7404279677411821,0.9
5.339999999999974,bus,463,233,57,66,25.920001983642578,25.170387268066406,0.7496147155761719,21.818181818181824,0.7355865276402296,0.9
5.339999999999974,stop sign,563,246,20,21,30.949254989624023,30.61467742919922,0.3345775604248047,17.14285714285715,0.7355865276402296,0.9
5.359999999999974,bus,463,234,57,66,26.083019256591797,25.190921783447266,0.8920974731445312,21.818181818181824,0.7306410239209324,0.9
5.359999999999974,stop sign,563,246,20,22,31.06560516357422,30.599952697753906,0.4656524658203125,16.36363636363637,0.7306410239209324,0.9
5.379999999999973,bus,463,233,57,66,26.083019256591797,25.213333129882812,0.8696861267089844,21.818181818181824,0.7257013663772389,0.9
5.379999999999973,stop sign,563,245,20,22,30.949254989624023,30.585559844970703,0.3636951446533203,16.36363636363637,0.7257013663772389,0.9
5.399999999999973,bus,463,234,57,66,26.083019256591797,25.235326766967773,0.8476924896240234,21.818181818181824,0.7207744509850553,0.9
5.399999999999973,stop sign,563,245,20,22,30.949254989624023,30.571134567260742,0.37812042236328125,16.36363636363637,0.7207744509850553,0.9
5.419999999999972,bus,463,234,58,65,25.920001983642578,25.2581844329834,0.6618175506591797,22.15384615384616,0.7158541630249146,0.9
5.419999999999972,stop sign,563,245,21,22,30.720001220703125,30.55677032470703,0.16323089599609375,16.36363636363637,0.7158541630249146,0.9
5.439999999999972,bus,463,234,57,65,25.920001983642578,25.282533645629883,0.6374683380126953,22.15384615384616,0.7110587552511922,0.9
5.439999999999972,stop sign,563,245,21,23,30.720001220703125,30.542465209960938,0.1775360107421875,15.652173913043484,0.7110587552511922,0.9
5.4599999999999715,stop sign,563,245,21,23,30.49411964416504,30.528308868408203,-0.03418922424316406,15.652173913043484,0.7060372213007983,0.9
5.4599999999999715,bus,463,234,57,65,26.083019256591797,25.307209014892578,0.7758102416992188,22.15384615384616,0.7060372213007983,0.9
5.479999999999971,stop sign,563,245,21,23,30.49411964416504,30.51424217224121,-0.020122528076171875,15.652173913043484,0.7012563571808519,0.9
5.479999999999971,bus,463,234,57,65,26.083019256591797,25.332632064819336,0.7503871917724609,22.15384615384616,0.7012563571808519,0.9
5.499999999999971,bus,463,234,57,65,26.24810218811035,25.358827590942383,0.8892745971679688,22.15384615384616,0.6963588682321356,0.9
5.499999999999971,stop sign,563,245,21,23,30.49411964416504,30.500293731689453,-0.0061740875244140625,15.652173913043484,0.6963588682321356,0.9
5.51999999999997,bus,463,234,57,65,26.24810218811035,25.385887145996094,0.8622150421142578,22.15384615384616,0.6914781759413702,0.9
5.51999999999997,stop sign,563,245,21,23,30.49411964416504,30.486465454101562,0.0076541900634765625,15.652173913043484,0.6914781759413702,0.9
5.53999999999997,stop sign,563,245,21,22,30.49411964416504,30.47278594970703,0.021333694458007812,16.36363636363637,0.6867082994846311,0.9
5.53999999999997,bus,463,234,57,66,26.24810218811035,25.413604736328125,0.8344974517822266,21.818181818181824,0.6867082994846311,0.9
5.559999999999969,stop sign,563,245,21,23,30.271533966064453,30.459049224853516,-0.1875152587890625,15.652173913043484,0.6818269686075078,0.9
5.559999999999969,bus,463,234,57,66,26.24810218811035,25.442096710205078,0.8060054779052734,21.818181818181824,0.6818269686075078,0.9
5.579999999999969,bus,463,233,57,66,26.415287017822266,25.47189712524414,0.943389892578125,21.818181818181824,0.6769535277655754,0.9
5.579999999999969,stop sign,563,246,21,23,30.271533966064453,30.44533920288086,-0.17380523681640625,15.652173913043484,0.6769535277655754,0.9
5.599999999999969,bus,463,233,57,66,26.415287017822266,25.501789093017578,0.9134979248046875,21.818181818181824,0.6721839674665842,0.9
5.619999999999968,bus,463,233,57,66,26.415287017822266,25.532485961914062,0.8828010559082031,21.818181818181824,0.6673105274911804,0.9
5.639999999999968,bus,463,234,57,65,26.24810218811035,25.56365966796875,0.6844425201416016,22.15384615384616,0.6624276021671249,0.9
5.659999999999967,bus,463,234,57,65,26.24810218811035,25.595874786376953,0.6522274017333984,22.15384615384616,0.6575576788450374,0.9
5.679999999999967,bus,463,234,57,65,26.415287017822266,25.628955841064453,0.7863311767578125,22.15384615384616,0.6527981453102076,0.9
5.699999999999966,bus,463,234,57,65,26.415287017822266,25.662572860717773,0.7527141571044922,22.15384615384616,0.6479289799272518,0.9
5.719999999999966,bus,464,234,56,65,26.415287017822266,25.69610023498535,0.7191867828369141,22.15384615384616,0.6430555429912823,0.9
5.739999999999966,bus,463,234,57,64,26.415287017822266,25.732608795166016,0.68267822265625,22.500000000000007,0.6383018810788796,0.9
5.759999999999965,bus,463,234,56,64,26.415287017822266,25.769115447998047,0.6461715698242188,22.500000000000007,0.6334325728873903,0.9
5.779999999999965,bus,463,234,57,64,26.415287017822266,25.804462432861328,0.6108245849609375,22.500000000000007,0.6286831460804714,0.9
5.799999999999964,bus,463,235,56,63,26.415287017822266,25.84234046936035,0.5729465484619141,22.857142857142865,0.6238215461755712,0.9
5.799999999999964,stop sign,563,245,22,23,30.49411964416504,30.301631927490234,0.1924877166748047,15.652173913043484,0.6238215461755712,0.9
5.819999999999964,bus,463,235,56,63,26.415287017822266,25.880905151367188,0.5343818664550781,22.857142857142865,0.618958519501966,0.9
5.839999999999963,bus,464,235,56,63,26.58461570739746,25.919260025024414,0.6653556823730469,22.857142857142865,0.6141025187302054,0.9
5.839999999999963,stop sign,564,245,21,22,30.49411964416504,30.2760009765625,0.21811866760253906,16.36363636363637,0.6141025187302054,0.9
5.859999999999963,bus,463,235,56,62,26.58461570739746,25.960268020629883,0.6243476867675781,23.22580645161291,0.6094756325376773,0.9
5.859999999999963,stop sign,564,245,21,22,30.271533966064453,30.263782501220703,0.00775146484375,16.36363636363637,0.6094756325376773,0.9
5.879999999999963,bus,463,236,56,62,26.58461570739746,26.00050163269043,0.5841140747070312,23.22580645161291,0.6045025662548361,0.9
5.879999999999963,stop sign,563,245,21,22,30.271533966064453,30.253589630126953,0.0179443359375,16.36363636363637,0.6045025662548361,0.9
5.899999999999962,bus,463,236,57,62,26.415287017822266,26.040943145751953,0.3743438720703125,23.22580645161291,0.5997644742515558,0.9
5.899999999999962,stop sign,564,245,21,22,30.271533966064453,30.239643096923828,0.031890869140625,16.36363636363637,0.5997644742515558,0.9
5.919999999999962,bus,463,236,56,62,26.415287017822266,26.083589553833008,0.3316974639892578,23.22580645161291,0.5949125292262119,0.9
5.919999999999962,stop sign,564,245,21,22,30.052175521850586,30.22772216796875,-0.17554664611816406,16.36363636363637,0.5949125292262119,0.9
5.939999999999961,bus,463,236,56,61,26.58461570739746,26.126684188842773,0.4579315185546875,23.60655737704919,0.5901819431621054,0.9
5.939999999999961,stop sign,563,245,21,22,30.052175521850586,30.21782684326172,-0.1656513214111328,16.36363636363637,0.5901819431621054,0.9
5.959999999999961,bus,464,236,56,61,26.58461570739746,26.169063568115234,0.41555213928222656,23.60655737704919,0.585338812119206,0.9
5.959999999999961,stop sign,563,245,21,22,30.052175521850586,30.206085205078125,-0.15390968322753906,16.36363636363637,0.585338812119206,0.9
5.9799999999999605,bus,464,237,56,61,26.75613021850586,26.212722778320312,0.5434074401855469,23.60655737704919,0.580609745830981,0.9
5.9799999999999605,stop sign,563,245,21,22,30.052175521850586,30.194433212280273,-0.1422576904296875,16.36363636363637,0.580609745830981,0.9
5.99999999999996,bus,464,236,56,61,26.75613021850586,26.25802230834961,0.49810791015625,23.60655737704919,0.5757712651709321,0.9
5.99999999999996,stop sign,563,245,22,22,30.052175521850586,30.18194580078125,-0.12977027893066406,16.36363636363637,0.5757712651709321,0.9
6.01999999999996,bus,464,237,56,61,26.75613021850586,26.302696228027344,0.4534339904785156,23.60655737704919,0.5710485451561108,0.9
6.01999999999996,stop sign,563,245,22,23,30.271533966064453,30.170442581176758,0.10109138488769531,15.652173913043484,0.5710485451561108,0.9
6.039999999999959,bus,464,237,56,61,26.75613021850586,26.34799575805664,0.40813446044921875,23.60655737704919,0.5662095189178397,0.9
6.039999999999959,stop sign,563,245,22,22,30.052175521850586,30.159116744995117,-0.10694122314453125,16.36363636363637,0.5662095189178397,0.9
6.059999999999959,bus,463,236,56,62,26.92987060546875,26.395143508911133,0.5347270965576172,23.22580645161291,0.5613736944321622,0.9
6.059999999999959,stop sign,564,245,21,22,30.052175521850586,30.146928787231445,-0.09475326538085938,16.36363636363637,0.5613736944321622,0.9
6.079999999999958,bus,464,237,56,61,26.75613021850586,26.43960952758789,0.31652069091796875,23.60655737704919,0.5567750416319329,0.9
6.079999999999958,stop sign,564,245,21,22,29.83597183227539,30.135753631591797,-0.29978179931640625,16.36363636363637,0.5567750416319329,0.9
6.099999999999958,bus,464,236,56,62,26.92987060546875,26.48568344116211,0.4441871643066406,23.22580645161291,0.5518301863251514,0.9
6.099999999999958,stop sign,563,245,21,22,29.83597183227539,30.126632690429688,-0.2906608581542969,16.36363636363637,0.5518301863251514,0.9
6.1199999999999575,bus,464,237,56,61,27.55645179748535,26.531667709350586,1.0247840881347656,23.60655737704919,0.5471152634086447,0.9
6.1199999999999575,stop sign,564,245,21,22,29.83597183227539,30.113758087158203,-0.2777862548828125,16.36363636363637,0.5471152634086447,0.9
6.139999999999957,stop sign,563,245,22,22,29.83597183227539,30.103803634643555,-0.26783180236816406,16.36363636363637,0.5424076433857303,0.9
6.139999999999957,bus,463,236,56,61,26.92987060546875,26.58003807067871,0.34983253479003906,23.60655737704919,0.5424076433857303,0.9
6.159999999999957,stop sign,563,245,22,22,30.052175521850586,30.093074798583984,-0.04089927673339844,16.36363636363637,0.5375771507886078,0.9
6.159999999999957,bus,463,236,56,62,26.92987060546875,26.62640953063965,0.30346107482910156,23.22580645161291,0.5375771507886078,0.9
6.179999999999956,stop sign,564,245,22,22,30.052175521850586,30.0804386138916,-0.028263092041015625,16.36363636363637,0.5328752384524738,0.9
6.179999999999956,bus,464,237,56,61,26.92987060546875,26.67090606689453,0.25896453857421875,23.60655737704919,0.5328752384524738,0.9
6.199999999999956,stop sign,564,245,22,22,30.052175521850586,30.069889068603516,-0.017713546752929688,16.36363636363637,0.5280553309632822,0.9
6.199999999999956,bus,464,237,56,61,26.92987060546875,26.717693328857422,0.21217727661132812,23.60655737704919,0.5280553309632822,0.9
6.219999999999955,stop sign,564,245,22,22,30.052175521850586,30.059398651123047,-0.0072231292724609375,16.36363636363637,0.5233569377910006,0.9
6.219999999999955,bus,464,237,56,61,26.92987060546875,26.76457405090332,0.1652965545654297,23.60655737704919,0.5233569377910006,0.9
6.239999999999955,stop sign,564,245,22,22,30.052175521850586,30.049028396606445,0.003147125244140625,16.36363636363637,0.5185435908412497,0.9
6.239999999999955,bus,464,237,56,60,26.92987060546875,26.81067657470703,0.11919403076171875,24.000000000000007,0.5185435908412497,0.9
6.2599999999999545,stop sign,563,245,22,22,30.052175521850586,30.04062271118164,0.011552810668945312,16.36363636363637,0.5138505369961154,0.9
6.279999999999954,stop sign,563,245,23,22,30.052175521850586,30.029447555541992,0.02272796630859375,16.36363636363637,0.5091661859940539,0.9
6.279999999999954,bus,464,237,56,60,26.92987060546875,26.90365982055664,0.026210784912109375,24.000000000000007,0.5091661859940539,0.9
6.299999999999954,bus,464,237,56,60,26.843000411987305,26.94949722290039,-0.10649681091308594,24.000000000000007,0.5043628026204668,0.9
6.299999999999954,stop sign,563,245,23,22,30.271533966064453,30.019344329833984,0.25218963623046875,16.36363636363637,0.5043628026204668,0.9
6.319999999999953,stop sign,563,245,23,22,30.271533966064453,30.009361267089844,0.2621726989746094,16.36363636363637,0.4996744061024728,0.9
6.339999999999953,stop sign,563,245,23,22,30.49411964416504,29.999406814575195,0.49471282958984375,16.36363636363637,0.4948991006811573,0.9
6.359999999999952,stop sign,563,245,23,22,30.49411964416504,29.98957061767578,0.5045490264892578,16.36363636363637,0.4902135263502524,0.9
6.379999999999952,stop sign,563,245,23,22,30.271533966064453,29.979856491088867,0.29167747497558594,16.36363636363637,0.4854186493489028,0.9
6.3999999999999515,stop sign,563,245,23,22,30.271533966064453,29.970230102539062,0.3013038635253906,16.36363636363637,0.48085047974153977,0.9
6.3999999999999515,bus,464,236,57,61,27.105884552001953,27.18064308166504,-0.07475852966308594,23.60655737704919,0.48085047974153977,0.9
6.419999999999951,stop sign,563,245,24,22,30.271533966064453,29.959680557250977,0.31185340881347656,16.36363636363637,0.47593543216617173,0.9
6.439999999999951,stop sign,563,245,24,22,30.052175521850586,29.95026206970215,0.1019134521484375,16.36363636363637,0.47125473825482667,0.9
6.45999999999995,stop sign,563,245,23,22,30.052175521850586,29.941829681396484,0.11034584045410156,16.36363636363637,0.4665822155314925,0.9
6.499999999999949,stop sign,563,245,23,22,30.052175521850586,29.923351287841797,0.12882423400878906,16.36363636363637,0.4571134384957278,0.9
6.499999999999949,bus,465,236,55,61,27.105884552001953,27.418048858642578,-0.312164306640625,23.60655737704919,0.4571134384957278,0.9
6.519999999999949,stop sign,564,245,23,22,30.052175521850586,29.912353515625,0.13982200622558594,16.36363636363637,0.4524349921135191,0.9
6.519999999999949,bus,466,236,54,61,27.105884552001953,27.46790885925293,-0.36202430725097656,23.60655737704919,0.4524349921135191,0.9
6.5399999999999485,stop sign,564,245,23,22,30.052175521850586,29.90335464477539,0.1488208770751953,16.36363636363637,0.4476394319978969,0.9
6.559999999999948,stop sign,564,245,23,22,30.052175521850586,29.89444351196289,0.1577320098876953,16.36363636363637,0.4428548235288704,0.9
6.559999999999948,bus,466,236,54,61,27.464902877807617,27.5701904296875,-0.10528755187988281,23.60655737704919,0.4428548235288704,0.9
6.579999999999948,stop sign,564,245,23,22,29.83597183227539,29.885622024536133,-0.04965019226074219,16.36363636363637,0.4382946297764888,0.9
6.579999999999948,bus,466,235,54,61,27.648000717163086,27.622642517089844,0.025358200073242188,23.60655737704919,0.4382946297764888,0.9
6.599999999999947,stop sign,564,245,23,22,29.83597183227539,29.87691879272461,-0.04094696044921875,16.36363636363637,0.4333537524894401,0.9
6.599999999999947,bus,466,236,54,61,27.833559036254883,27.674705505371094,0.15885353088378906,23.60655737704919,0.4333537524894401,0.9
6.619999999999947,stop sign,564,245,23,22,29.83597183227539,29.868305206298828,-0.0323333740234375,16.36363636363637,0.4287578061717392,0.9
6.619999999999947,bus,466,236,53,60,27.833559036254883,27.729751586914062,0.10380744934082031,24.000000000000007,0.4287578061717392,0.9
6.639999999999946,stop sign,564,245,23,22,29.83597183227539,29.859783172607422,-0.02381134033203125,16.36363636363637,0.4239411072042998,0.9
6.639999999999946,bus,467,236,53,60,28.021623611450195,27.779281616210938,0.2423419952392578,24.000000000000007,0.4239411072042998,0.9
6.659999999999946,stop sign,563,245,23,22,29.62285804748535,29.853256225585938,-0.23039817810058594,16.36363636363637,0.41911868172468614,0.9
6.659999999999946,bus,466,236,53,60,28.21224594116211,27.838829040527344,0.3734169006347656,24.000000000000007,0.41911868172468614,0.9
6.6799999999999455,stop sign,563,245,23,22,29.62285804748535,29.844911575317383,-0.22205352783203125,16.36363636363637,0.41441211278965956,0.9
6.6799999999999455,bus,467,236,53,60,28.21224594116211,27.890384674072266,0.32186126708984375,24.000000000000007,0.41441211278965956,0.9
